--
-- PostgreSQL database dump
--

-- Dumped from database version 17.5
-- Dumped by pg_dump version 17.5

SET statement_timeout = 0;
SET lock_timeout = 0;
SET idle_in_transaction_session_timeout = 0;
SET transaction_timeout = 0;
SET client_encoding = 'UTF8';
SET standard_conforming_strings = on;
SELECT pg_catalog.set_config('search_path', '', false);
SET check_function_bodies = false;
SET xmloption = content;
SET client_min_messages = warning;
SET row_security = off;

SET default_tablespace = '';

SET default_table_access_method = heap;

--
-- Name: auth_group; Type: TABLE; Schema: public; Owner: postgres
--

CREATE TABLE public.auth_group (
    id integer NOT NULL,
    name character varying(150) NOT NULL
);


ALTER TABLE public.auth_group OWNER TO postgres;

--
-- Name: auth_group_id_seq; Type: SEQUENCE; Schema: public; Owner: postgres
--

ALTER TABLE public.auth_group ALTER COLUMN id ADD GENERATED BY DEFAULT AS IDENTITY (
    SEQUENCE NAME public.auth_group_id_seq
    START WITH 1
    INCREMENT BY 1
    NO MINVALUE
    NO MAXVALUE
    CACHE 1
);


--
-- Name: auth_group_permissions; Type: TABLE; Schema: public; Owner: postgres
--

CREATE TABLE public.auth_group_permissions (
    id bigint NOT NULL,
    group_id integer NOT NULL,
    permission_id integer NOT NULL
);


ALTER TABLE public.auth_group_permissions OWNER TO postgres;

--
-- Name: auth_group_permissions_id_seq; Type: SEQUENCE; Schema: public; Owner: postgres
--

ALTER TABLE public.auth_group_permissions ALTER COLUMN id ADD GENERATED BY DEFAULT AS IDENTITY (
    SEQUENCE NAME public.auth_group_permissions_id_seq
    START WITH 1
    INCREMENT BY 1
    NO MINVALUE
    NO MAXVALUE
    CACHE 1
);


--
-- Name: auth_permission; Type: TABLE; Schema: public; Owner: postgres
--

CREATE TABLE public.auth_permission (
    id integer NOT NULL,
    name character varying(255) NOT NULL,
    content_type_id integer NOT NULL,
    codename character varying(100) NOT NULL
);


ALTER TABLE public.auth_permission OWNER TO postgres;

--
-- Name: auth_permission_id_seq; Type: SEQUENCE; Schema: public; Owner: postgres
--

ALTER TABLE public.auth_permission ALTER COLUMN id ADD GENERATED BY DEFAULT AS IDENTITY (
    SEQUENCE NAME public.auth_permission_id_seq
    START WITH 1
    INCREMENT BY 1
    NO MINVALUE
    NO MAXVALUE
    CACHE 1
);


--
-- Name: authtoken_token; Type: TABLE; Schema: public; Owner: postgres
--

CREATE TABLE public.authtoken_token (
    key character varying(40) NOT NULL,
    created timestamp with time zone NOT NULL,
    user_id bigint NOT NULL
);


ALTER TABLE public.authtoken_token OWNER TO postgres;

--
-- Name: django_admin_log; Type: TABLE; Schema: public; Owner: postgres
--

CREATE TABLE public.django_admin_log (
    id integer NOT NULL,
    action_time timestamp with time zone NOT NULL,
    object_id text,
    object_repr character varying(200) NOT NULL,
    action_flag smallint NOT NULL,
    change_message text NOT NULL,
    content_type_id integer,
    user_id bigint NOT NULL,
    CONSTRAINT django_admin_log_action_flag_check CHECK ((action_flag >= 0))
);


ALTER TABLE public.django_admin_log OWNER TO postgres;

--
-- Name: django_admin_log_id_seq; Type: SEQUENCE; Schema: public; Owner: postgres
--

ALTER TABLE public.django_admin_log ALTER COLUMN id ADD GENERATED BY DEFAULT AS IDENTITY (
    SEQUENCE NAME public.django_admin_log_id_seq
    START WITH 1
    INCREMENT BY 1
    NO MINVALUE
    NO MAXVALUE
    CACHE 1
);


--
-- Name: django_content_type; Type: TABLE; Schema: public; Owner: postgres
--

CREATE TABLE public.django_content_type (
    id integer NOT NULL,
    app_label character varying(100) NOT NULL,
    model character varying(100) NOT NULL
);


ALTER TABLE public.django_content_type OWNER TO postgres;

--
-- Name: django_content_type_id_seq; Type: SEQUENCE; Schema: public; Owner: postgres
--

ALTER TABLE public.django_content_type ALTER COLUMN id ADD GENERATED BY DEFAULT AS IDENTITY (
    SEQUENCE NAME public.django_content_type_id_seq
    START WITH 1
    INCREMENT BY 1
    NO MINVALUE
    NO MAXVALUE
    CACHE 1
);


--
-- Name: django_migrations; Type: TABLE; Schema: public; Owner: postgres
--

CREATE TABLE public.django_migrations (
    id bigint NOT NULL,
    app character varying(255) NOT NULL,
    name character varying(255) NOT NULL,
    applied timestamp with time zone NOT NULL
);


ALTER TABLE public.django_migrations OWNER TO postgres;

--
-- Name: django_migrations_id_seq; Type: SEQUENCE; Schema: public; Owner: postgres
--

ALTER TABLE public.django_migrations ALTER COLUMN id ADD GENERATED BY DEFAULT AS IDENTITY (
    SEQUENCE NAME public.django_migrations_id_seq
    START WITH 1
    INCREMENT BY 1
    NO MINVALUE
    NO MAXVALUE
    CACHE 1
);


--
-- Name: django_session; Type: TABLE; Schema: public; Owner: postgres
--

CREATE TABLE public.django_session (
    session_key character varying(40) NOT NULL,
    session_data text NOT NULL,
    expire_date timestamp with time zone NOT NULL
);


ALTER TABLE public.django_session OWNER TO postgres;

--
-- Name: django_site; Type: TABLE; Schema: public; Owner: postgres
--

CREATE TABLE public.django_site (
    id integer NOT NULL,
    domain character varying(100) NOT NULL,
    name character varying(50) NOT NULL
);


ALTER TABLE public.django_site OWNER TO postgres;

--
-- Name: django_site_id_seq; Type: SEQUENCE; Schema: public; Owner: postgres
--

ALTER TABLE public.django_site ALTER COLUMN id ADD GENERATED BY DEFAULT AS IDENTITY (
    SEQUENCE NAME public.django_site_id_seq
    START WITH 1
    INCREMENT BY 1
    NO MINVALUE
    NO MAXVALUE
    CACHE 1
);


--
-- Name: quiz_app_question; Type: TABLE; Schema: public; Owner: postgres
--

CREATE TABLE public.quiz_app_question (
    id bigint NOT NULL,
    question_text character varying(255) NOT NULL,
    option1 character varying(255) NOT NULL,
    option2 character varying(255) NOT NULL,
    option3 character varying(255) NOT NULL,
    option4 character varying(255) NOT NULL,
    correct_option integer NOT NULL
);


ALTER TABLE public.quiz_app_question OWNER TO postgres;

--
-- Name: quiz_app_question_id_seq; Type: SEQUENCE; Schema: public; Owner: postgres
--

ALTER TABLE public.quiz_app_question ALTER COLUMN id ADD GENERATED BY DEFAULT AS IDENTITY (
    SEQUENCE NAME public.quiz_app_question_id_seq
    START WITH 1
    INCREMENT BY 1
    NO MINVALUE
    NO MAXVALUE
    CACHE 1
);


--
-- Name: quiz_app_quizattempt; Type: TABLE; Schema: public; Owner: postgres
--

CREATE TABLE public.quiz_app_quizattempt (
    id bigint NOT NULL,
    score integer NOT NULL,
    attempted_at timestamp with time zone NOT NULL,
    user_id bigint NOT NULL,
    correct_answers integer NOT NULL,
    total_questions integer NOT NULL
);


ALTER TABLE public.quiz_app_quizattempt OWNER TO postgres;

--
-- Name: quiz_app_quizattempt_id_seq; Type: SEQUENCE; Schema: public; Owner: postgres
--

ALTER TABLE public.quiz_app_quizattempt ALTER COLUMN id ADD GENERATED BY DEFAULT AS IDENTITY (
    SEQUENCE NAME public.quiz_app_quizattempt_id_seq
    START WITH 1
    INCREMENT BY 1
    NO MINVALUE
    NO MAXVALUE
    CACHE 1
);


--
-- Name: quiz_app_quizresult; Type: TABLE; Schema: public; Owner: postgres
--

CREATE TABLE public.quiz_app_quizresult (
    id bigint NOT NULL,
    score integer NOT NULL,
    attempted_at timestamp with time zone NOT NULL,
    user_id bigint NOT NULL
);


ALTER TABLE public.quiz_app_quizresult OWNER TO postgres;

--
-- Name: quiz_app_quizresult_id_seq; Type: SEQUENCE; Schema: public; Owner: postgres
--

ALTER TABLE public.quiz_app_quizresult ALTER COLUMN id ADD GENERATED BY DEFAULT AS IDENTITY (
    SEQUENCE NAME public.quiz_app_quizresult_id_seq
    START WITH 1
    INCREMENT BY 1
    NO MINVALUE
    NO MAXVALUE
    CACHE 1
);


--
-- Name: quiz_app_submission; Type: TABLE; Schema: public; Owner: postgres
--

CREATE TABLE public.quiz_app_submission (
    id bigint NOT NULL,
    selected_answer character varying(1) NOT NULL,
    is_correct boolean NOT NULL,
    question_id bigint NOT NULL,
    user_id bigint NOT NULL
);


ALTER TABLE public.quiz_app_submission OWNER TO postgres;

--
-- Name: quiz_app_submission_id_seq; Type: SEQUENCE; Schema: public; Owner: postgres
--

ALTER TABLE public.quiz_app_submission ALTER COLUMN id ADD GENERATED BY DEFAULT AS IDENTITY (
    SEQUENCE NAME public.quiz_app_submission_id_seq
    START WITH 1
    INCREMENT BY 1
    NO MINVALUE
    NO MAXVALUE
    CACHE 1
);


--
-- Name: quiz_app_user; Type: TABLE; Schema: public; Owner: postgres
--

CREATE TABLE public.quiz_app_user (
    id bigint NOT NULL,
    password character varying(128) NOT NULL,
    last_login timestamp with time zone,
    is_superuser boolean NOT NULL,
    username character varying(150) NOT NULL,
    first_name character varying(150) NOT NULL,
    last_name character varying(150) NOT NULL,
    email character varying(254) NOT NULL,
    is_staff boolean NOT NULL,
    is_active boolean NOT NULL,
    date_joined timestamp with time zone NOT NULL,
    is_admin boolean NOT NULL
);


ALTER TABLE public.quiz_app_user OWNER TO postgres;

--
-- Name: quiz_app_user_groups; Type: TABLE; Schema: public; Owner: postgres
--

CREATE TABLE public.quiz_app_user_groups (
    id bigint NOT NULL,
    user_id bigint NOT NULL,
    group_id integer NOT NULL
);


ALTER TABLE public.quiz_app_user_groups OWNER TO postgres;

--
-- Name: quiz_app_user_groups_id_seq; Type: SEQUENCE; Schema: public; Owner: postgres
--

ALTER TABLE public.quiz_app_user_groups ALTER COLUMN id ADD GENERATED BY DEFAULT AS IDENTITY (
    SEQUENCE NAME public.quiz_app_user_groups_id_seq
    START WITH 1
    INCREMENT BY 1
    NO MINVALUE
    NO MAXVALUE
    CACHE 1
);


--
-- Name: quiz_app_user_id_seq; Type: SEQUENCE; Schema: public; Owner: postgres
--

ALTER TABLE public.quiz_app_user ALTER COLUMN id ADD GENERATED BY DEFAULT AS IDENTITY (
    SEQUENCE NAME public.quiz_app_user_id_seq
    START WITH 1
    INCREMENT BY 1
    NO MINVALUE
    NO MAXVALUE
    CACHE 1
);


--
-- Name: quiz_app_user_user_permissions; Type: TABLE; Schema: public; Owner: postgres
--

CREATE TABLE public.quiz_app_user_user_permissions (
    id bigint NOT NULL,
    user_id bigint NOT NULL,
    permission_id integer NOT NULL
);


ALTER TABLE public.quiz_app_user_user_permissions OWNER TO postgres;

--
-- Name: quiz_app_user_user_permissions_id_seq; Type: SEQUENCE; Schema: public; Owner: postgres
--

ALTER TABLE public.quiz_app_user_user_permissions ALTER COLUMN id ADD GENERATED BY DEFAULT AS IDENTITY (
    SEQUENCE NAME public.quiz_app_user_user_permissions_id_seq
    START WITH 1
    INCREMENT BY 1
    NO MINVALUE
    NO MAXVALUE
    CACHE 1
);


--
-- Name: quiz_app_useranswer; Type: TABLE; Schema: public; Owner: postgres
--

CREATE TABLE public.quiz_app_useranswer (
    id bigint NOT NULL,
    selected_option integer NOT NULL,
    attempt_id bigint NOT NULL,
    question_id bigint NOT NULL,
    is_correct boolean NOT NULL
);


ALTER TABLE public.quiz_app_useranswer OWNER TO postgres;

--
-- Name: quiz_app_useranswer_id_seq; Type: SEQUENCE; Schema: public; Owner: postgres
--

ALTER TABLE public.quiz_app_useranswer ALTER COLUMN id ADD GENERATED BY DEFAULT AS IDENTITY (
    SEQUENCE NAME public.quiz_app_useranswer_id_seq
    START WITH 1
    INCREMENT BY 1
    NO MINVALUE
    NO MAXVALUE
    CACHE 1
);


--
-- Name: token_blacklist_blacklistedtoken; Type: TABLE; Schema: public; Owner: postgres
--

CREATE TABLE public.token_blacklist_blacklistedtoken (
    id bigint NOT NULL,
    blacklisted_at timestamp with time zone NOT NULL,
    token_id bigint NOT NULL
);


ALTER TABLE public.token_blacklist_blacklistedtoken OWNER TO postgres;

--
-- Name: token_blacklist_blacklistedtoken_id_seq; Type: SEQUENCE; Schema: public; Owner: postgres
--

ALTER TABLE public.token_blacklist_blacklistedtoken ALTER COLUMN id ADD GENERATED BY DEFAULT AS IDENTITY (
    SEQUENCE NAME public.token_blacklist_blacklistedtoken_id_seq
    START WITH 1
    INCREMENT BY 1
    NO MINVALUE
    NO MAXVALUE
    CACHE 1
);


--
-- Name: token_blacklist_outstandingtoken; Type: TABLE; Schema: public; Owner: postgres
--

CREATE TABLE public.token_blacklist_outstandingtoken (
    id bigint NOT NULL,
    token text NOT NULL,
    created_at timestamp with time zone,
    expires_at timestamp with time zone NOT NULL,
    user_id bigint,
    jti character varying(255) NOT NULL
);


ALTER TABLE public.token_blacklist_outstandingtoken OWNER TO postgres;

--
-- Name: token_blacklist_outstandingtoken_id_seq; Type: SEQUENCE; Schema: public; Owner: postgres
--

ALTER TABLE public.token_blacklist_outstandingtoken ALTER COLUMN id ADD GENERATED BY DEFAULT AS IDENTITY (
    SEQUENCE NAME public.token_blacklist_outstandingtoken_id_seq
    START WITH 1
    INCREMENT BY 1
    NO MINVALUE
    NO MAXVALUE
    CACHE 1
);


--
-- Name: users; Type: TABLE; Schema: public; Owner: postgres
--

CREATE TABLE public.users (
    id integer NOT NULL,
    name character varying(100),
    email character varying(100)
);


ALTER TABLE public.users OWNER TO postgres;

--
-- Name: users_id_seq; Type: SEQUENCE; Schema: public; Owner: postgres
--

CREATE SEQUENCE public.users_id_seq
    AS integer
    START WITH 1
    INCREMENT BY 1
    NO MINVALUE
    NO MAXVALUE
    CACHE 1;


ALTER SEQUENCE public.users_id_seq OWNER TO postgres;

--
-- Name: users_id_seq; Type: SEQUENCE OWNED BY; Schema: public; Owner: postgres
--

ALTER SEQUENCE public.users_id_seq OWNED BY public.users.id;


--
-- Name: users id; Type: DEFAULT; Schema: public; Owner: postgres
--

ALTER TABLE ONLY public.users ALTER COLUMN id SET DEFAULT nextval('public.users_id_seq'::regclass);


--
-- Data for Name: auth_group; Type: TABLE DATA; Schema: public; Owner: postgres
--

COPY public.auth_group (id, name) FROM stdin;
\.


--
-- Data for Name: auth_group_permissions; Type: TABLE DATA; Schema: public; Owner: postgres
--

COPY public.auth_group_permissions (id, group_id, permission_id) FROM stdin;
\.


--
-- Data for Name: auth_permission; Type: TABLE DATA; Schema: public; Owner: postgres
--

COPY public.auth_permission (id, name, content_type_id, codename) FROM stdin;
1	Can add log entry	1	add_logentry
2	Can change log entry	1	change_logentry
3	Can delete log entry	1	delete_logentry
4	Can view log entry	1	view_logentry
5	Can add permission	2	add_permission
6	Can change permission	2	change_permission
7	Can delete permission	2	delete_permission
8	Can view permission	2	view_permission
9	Can add group	3	add_group
10	Can change group	3	change_group
11	Can delete group	3	delete_group
12	Can view group	3	view_group
13	Can add content type	4	add_contenttype
14	Can change content type	4	change_contenttype
15	Can delete content type	4	delete_contenttype
16	Can view content type	4	view_contenttype
17	Can add session	5	add_session
18	Can change session	5	change_session
19	Can delete session	5	delete_session
20	Can view session	5	view_session
21	Can add site	6	add_site
22	Can change site	6	change_site
23	Can delete site	6	delete_site
24	Can view site	6	view_site
25	Can add blacklisted token	7	add_blacklistedtoken
26	Can change blacklisted token	7	change_blacklistedtoken
27	Can delete blacklisted token	7	delete_blacklistedtoken
28	Can view blacklisted token	7	view_blacklistedtoken
29	Can add outstanding token	8	add_outstandingtoken
30	Can change outstanding token	8	change_outstandingtoken
31	Can delete outstanding token	8	delete_outstandingtoken
32	Can view outstanding token	8	view_outstandingtoken
33	Can add question	9	add_question
34	Can change question	9	change_question
35	Can delete question	9	delete_question
36	Can view question	9	view_question
37	Can add user	10	add_user
38	Can change user	10	change_user
39	Can delete user	10	delete_user
40	Can view user	10	view_user
41	Can add quiz attempt	11	add_quizattempt
42	Can change quiz attempt	11	change_quizattempt
43	Can delete quiz attempt	11	delete_quizattempt
44	Can view quiz attempt	11	view_quizattempt
45	Can add quiz result	12	add_quizresult
46	Can change quiz result	12	change_quizresult
47	Can delete quiz result	12	delete_quizresult
48	Can view quiz result	12	view_quizresult
49	Can add user answer	13	add_useranswer
50	Can change user answer	13	change_useranswer
51	Can delete user answer	13	delete_useranswer
52	Can view user answer	13	view_useranswer
53	Can add Token	14	add_token
54	Can change Token	14	change_token
55	Can delete Token	14	delete_token
56	Can view Token	14	view_token
57	Can add Token	15	add_tokenproxy
58	Can change Token	15	change_tokenproxy
59	Can delete Token	15	delete_tokenproxy
60	Can view Token	15	view_tokenproxy
61	Can add submission	16	add_submission
62	Can change submission	16	change_submission
63	Can delete submission	16	delete_submission
64	Can view submission	16	view_submission
\.


--
-- Data for Name: authtoken_token; Type: TABLE DATA; Schema: public; Owner: postgres
--

COPY public.authtoken_token (key, created, user_id) FROM stdin;
\.


--
-- Data for Name: django_admin_log; Type: TABLE DATA; Schema: public; Owner: postgres
--

COPY public.django_admin_log (id, action_time, object_id, object_repr, action_flag, change_message, content_type_id, user_id) FROM stdin;
1	2025-07-08 12:38:41.562108+05:30	1	what is 2+2?	1	[{"added": {}}]	9	1
2	2025-07-08 12:42:30.338847+05:30	2	what is the capital of india	1	[{"added": {}}]	9	1
\.


--
-- Data for Name: django_content_type; Type: TABLE DATA; Schema: public; Owner: postgres
--

COPY public.django_content_type (id, app_label, model) FROM stdin;
1	admin	logentry
2	auth	permission
3	auth	group
4	contenttypes	contenttype
5	sessions	session
6	sites	site
7	token_blacklist	blacklistedtoken
8	token_blacklist	outstandingtoken
9	quiz_app	question
10	quiz_app	user
11	quiz_app	quizattempt
12	quiz_app	quizresult
13	quiz_app	useranswer
14	authtoken	token
15	authtoken	tokenproxy
16	quiz_app	submission
\.


--
-- Data for Name: django_migrations; Type: TABLE DATA; Schema: public; Owner: postgres
--

COPY public.django_migrations (id, app, name, applied) FROM stdin;
1	contenttypes	0001_initial	2025-07-08 12:28:46.404961+05:30
2	contenttypes	0002_remove_content_type_name	2025-07-08 12:28:46.427824+05:30
3	auth	0001_initial	2025-07-08 12:28:46.495253+05:30
4	auth	0002_alter_permission_name_max_length	2025-07-08 12:28:46.505158+05:30
5	auth	0003_alter_user_email_max_length	2025-07-08 12:28:46.509308+05:30
6	auth	0004_alter_user_username_opts	2025-07-08 12:28:46.52151+05:30
7	auth	0005_alter_user_last_login_null	2025-07-08 12:28:46.531173+05:30
8	auth	0006_require_contenttypes_0002	2025-07-08 12:28:46.533136+05:30
9	auth	0007_alter_validators_add_error_messages	2025-07-08 12:28:46.540307+05:30
10	auth	0008_alter_user_username_max_length	2025-07-08 12:28:46.549036+05:30
11	auth	0009_alter_user_last_name_max_length	2025-07-08 12:28:46.552683+05:30
12	auth	0010_alter_group_name_max_length	2025-07-08 12:28:46.564628+05:30
13	auth	0011_update_proxy_permissions	2025-07-08 12:28:46.574704+05:30
14	auth	0012_alter_user_first_name_max_length	2025-07-08 12:28:46.578738+05:30
15	quiz_app	0001_initial	2025-07-08 12:28:46.693696+05:30
16	admin	0001_initial	2025-07-08 12:28:46.7385+05:30
17	admin	0002_logentry_remove_auto_add	2025-07-08 12:28:46.745351+05:30
18	admin	0003_logentry_add_action_flag_choices	2025-07-08 12:28:46.759446+05:30
19	sessions	0001_initial	2025-07-08 12:28:46.771113+05:30
20	sites	0001_initial	2025-07-08 12:28:46.774636+05:30
21	sites	0002_alter_domain_unique	2025-07-08 12:28:46.779425+05:30
22	token_blacklist	0001_initial	2025-07-08 12:28:46.82754+05:30
23	token_blacklist	0002_outstandingtoken_jti_hex	2025-07-08 12:28:46.840195+05:30
24	token_blacklist	0003_auto_20171017_2007	2025-07-08 12:28:46.860893+05:30
25	token_blacklist	0004_auto_20171017_2013	2025-07-08 12:28:46.874667+05:30
26	token_blacklist	0005_remove_outstandingtoken_jti	2025-07-08 12:28:46.886618+05:30
27	token_blacklist	0006_auto_20171017_2113	2025-07-08 12:28:46.894465+05:30
28	token_blacklist	0007_auto_20171017_2214	2025-07-08 12:28:46.936099+05:30
29	token_blacklist	0008_migrate_to_bigautofield	2025-07-08 12:28:46.986149+05:30
30	token_blacklist	0010_fix_migrate_to_bigautofield	2025-07-08 12:28:47.006589+05:30
31	token_blacklist	0011_linearizes_history	2025-07-08 12:28:47.011545+05:30
32	token_blacklist	0012_alter_outstandingtoken_user	2025-07-08 12:28:47.019904+05:30
33	quiz_app	0002_quizattempt_correct_answers_and_more	2025-07-08 13:36:20.012926+05:30
34	authtoken	0001_initial	2025-07-18 14:47:05.313315+05:30
35	authtoken	0002_auto_20160226_1747	2025-07-18 14:47:05.359708+05:30
36	authtoken	0003_tokenproxy	2025-07-18 14:47:05.364077+05:30
37	authtoken	0004_alter_tokenproxy_options	2025-07-18 14:47:05.368326+05:30
38	quiz_app	0003_submission	2025-07-18 16:20:28.70905+05:30
\.


--
-- Data for Name: django_session; Type: TABLE DATA; Schema: public; Owner: postgres
--

COPY public.django_session (session_key, session_data, expire_date) FROM stdin;
gq8zabh9jwkipoh5g2m5ltpxaslp19qz	.eJxVjEEOwiAQRe_C2hAYhAGX7j0DAWYqVUOT0q6Md7dNutDtf-_9t4hpXWpcO89xJHERWpx-t5zKk9sO6JHafZJlass8Zrkr8qBd3ibi1_Vw_w5q6nWrASgxmuAVB2M1OeYcAiGgtQNbGIiVZn825D2CTxt2BQ2iQw9KK_H5AuBgN2Q:1uZ2NB:PnvuNvYw9ysZQ0y8nR0cNdKYoxc3CVhbUHiZM3KP6nA	2025-07-22 12:34:13.433289+05:30
\.


--
-- Data for Name: django_site; Type: TABLE DATA; Schema: public; Owner: postgres
--

COPY public.django_site (id, domain, name) FROM stdin;
1	example.com	example.com
\.


--
-- Data for Name: quiz_app_question; Type: TABLE DATA; Schema: public; Owner: postgres
--

COPY public.quiz_app_question (id, question_text, option1, option2, option3, option4, correct_option) FROM stdin;
1	what is 2+2?	3	4	5	6	2
2	what is the capital of india	hyderabad	bengaluru	delhi	chennai	3
3	What is the capital of India?	Mumbai	Delhi	Chennai	Kolkata	2
4	Which gas do plants absorb from the atmosphere?	Oxygen	Carbon Dioxide	Nitrogen	Hydrogen	2
5	Who is CEO of OpenAI?	Sundar Pichai	Sam Altman	Elon Musk	Satya Nadella	2
\.


--
-- Data for Name: quiz_app_quizattempt; Type: TABLE DATA; Schema: public; Owner: postgres
--

COPY public.quiz_app_quizattempt (id, score, attempted_at, user_id, correct_answers, total_questions) FROM stdin;
1	0	2025-07-09 14:59:41.387663+05:30	1	0	4
2	0	2025-07-09 15:01:12.774725+05:30	1	0	4
3	0	2025-07-09 15:06:53.801993+05:30	1	0	2
4	0	2025-07-09 15:06:55.888813+05:30	1	0	2
5	0	2025-07-09 15:07:05.650944+05:30	1	0	2
6	0	2025-07-11 12:18:04.872595+05:30	1	0	4
7	0	2025-07-11 14:37:16.112863+05:30	1	0	4
8	2	2025-07-11 14:39:20.323998+05:30	1	2	2
\.


--
-- Data for Name: quiz_app_quizresult; Type: TABLE DATA; Schema: public; Owner: postgres
--

COPY public.quiz_app_quizresult (id, score, attempted_at, user_id) FROM stdin;
\.


--
-- Data for Name: quiz_app_submission; Type: TABLE DATA; Schema: public; Owner: postgres
--

COPY public.quiz_app_submission (id, selected_answer, is_correct, question_id, user_id) FROM stdin;
\.


--
-- Data for Name: quiz_app_user; Type: TABLE DATA; Schema: public; Owner: postgres
--

COPY public.quiz_app_user (id, password, last_login, is_superuser, username, first_name, last_name, email, is_staff, is_active, date_joined, is_admin) FROM stdin;
1	pbkdf2_sha256$1000000$Ob0nA2lnqAxHkqsCd2nwbu$B5APGyhF/GEjiuehMnudxDGLS3+sDdc59kclt60S1fc=	2025-07-08 12:34:13.430161+05:30	t	prathyusha			221163@iiitt.ac.in	t	t	2025-07-08 12:30:16.281583+05:30	f
2	pbkdf2_sha256$1000000$RH4UDb9V5fTuZSqm3twWqn$SAhzOFZRDWKmq/ALeApBQam2zKl+mdPfSIDp+S8yeGE=	\N	f	user1			user1@example.com	f	t	2025-07-08 16:40:06.343967+05:30	f
3	pbkdf2_sha256$1000000$vSYVD6CN4FOfJEZRAt8zBF$v9o0W8CEpoOFnpcbiPNUtb/NmX2z4FeJoLIZsc8JuCM=	\N	f	user2			user2@example.com	f	t	2025-07-09 10:20:15.653793+05:30	f
4	pbkdf2_sha256$1000000$GVr9maySpIUX4B6kdDV8PH$/DIOSJTWoQmpQBLxGZulFFhqe9wRD/lP5/RwNCAHBwU=	\N	f	user3			user3@example.com	f	t	2025-07-09 10:42:35.070377+05:30	f
\.


--
-- Data for Name: quiz_app_user_groups; Type: TABLE DATA; Schema: public; Owner: postgres
--

COPY public.quiz_app_user_groups (id, user_id, group_id) FROM stdin;
\.


--
-- Data for Name: quiz_app_user_user_permissions; Type: TABLE DATA; Schema: public; Owner: postgres
--

COPY public.quiz_app_user_user_permissions (id, user_id, permission_id) FROM stdin;
\.


--
-- Data for Name: quiz_app_useranswer; Type: TABLE DATA; Schema: public; Owner: postgres
--

COPY public.quiz_app_useranswer (id, selected_option, attempt_id, question_id, is_correct) FROM stdin;
1	2	8	1	t
2	3	8	2	t
\.


--
-- Data for Name: token_blacklist_blacklistedtoken; Type: TABLE DATA; Schema: public; Owner: postgres
--

COPY public.token_blacklist_blacklistedtoken (id, blacklisted_at, token_id) FROM stdin;
\.


--
-- Data for Name: token_blacklist_outstandingtoken; Type: TABLE DATA; Schema: public; Owner: postgres
--

COPY public.token_blacklist_outstandingtoken (id, token, created_at, expires_at, user_id, jti) FROM stdin;
1	eyJhbGciOiJIUzI1NiIsInR5cCI6IkpXVCJ9.eyJ0b2tlbl90eXBlIjoicmVmcmVzaCIsImV4cCI6MTc1MjA1OTQwNiwiaWF0IjoxNzUxOTczMDA2LCJqdGkiOiI1YTliNTRjY2QxMzk0Mzg0OTY5NjgwOTdhOGJhNDk5ZiIsInVzZXJfaWQiOjJ9.5Hyh-wPC0m7h4FQj06eZIgI4Nc0aA_f0Rxk6fhbHNPg	2025-07-08 16:40:06.647292+05:30	2025-07-09 16:40:06+05:30	2	5a9b54ccd139438496968097a8ba499f
2	eyJhbGciOiJIUzI1NiIsInR5cCI6IkpXVCJ9.eyJ0b2tlbl90eXBlIjoicmVmcmVzaCIsImV4cCI6MTc1MjEyMzAxNiwiaWF0IjoxNzUyMDM2NjE2LCJqdGkiOiJkNjdiODAzZDhkMDQ0ZTczYWVlZTBkYzg3YmJhYWI0NyIsInVzZXJfaWQiOjN9.X9JkLWS8aXpbgINl5jCy605FEmeoA_B0AKnV54whiRM	2025-07-09 10:20:16.064759+05:30	2025-07-10 10:20:16+05:30	3	d67b803d8d044e73aeee0dc87bbaab47
3	eyJhbGciOiJIUzI1NiIsInR5cCI6IkpXVCJ9.eyJ0b2tlbl90eXBlIjoicmVmcmVzaCIsImV4cCI6MTc1MjEyNDM1NSwiaWF0IjoxNzUyMDM3OTU1LCJqdGkiOiI3OTc5OWRjNjZmNjI0ZWEyYmM0MDJjOTU4NWZiNWQ4NyIsInVzZXJfaWQiOjR9.7mgt9yhSWQbb22K6bVlRFlIJ5wySUMViLQhMwFgi_0Y	2025-07-09 10:42:35.449988+05:30	2025-07-10 10:42:35+05:30	4	79799dc66f624ea2bc402c9585fb5d87
\.


--
-- Data for Name: users; Type: TABLE DATA; Schema: public; Owner: postgres
--

COPY public.users (id, name, email) FROM stdin;
1	Alice	alice@example.com
2	Bob	bob@example.com
\.


--
-- Name: auth_group_id_seq; Type: SEQUENCE SET; Schema: public; Owner: postgres
--

SELECT pg_catalog.setval('public.auth_group_id_seq', 1, false);


--
-- Name: auth_group_permissions_id_seq; Type: SEQUENCE SET; Schema: public; Owner: postgres
--

SELECT pg_catalog.setval('public.auth_group_permissions_id_seq', 1, false);


--
-- Name: auth_permission_id_seq; Type: SEQUENCE SET; Schema: public; Owner: postgres
--

SELECT pg_catalog.setval('public.auth_permission_id_seq', 64, true);


--
-- Name: django_admin_log_id_seq; Type: SEQUENCE SET; Schema: public; Owner: postgres
--

SELECT pg_catalog.setval('public.django_admin_log_id_seq', 2, true);


--
-- Name: django_content_type_id_seq; Type: SEQUENCE SET; Schema: public; Owner: postgres
--

SELECT pg_catalog.setval('public.django_content_type_id_seq', 16, true);


--
-- Name: django_migrations_id_seq; Type: SEQUENCE SET; Schema: public; Owner: postgres
--

SELECT pg_catalog.setval('public.django_migrations_id_seq', 38, true);


--
-- Name: django_site_id_seq; Type: SEQUENCE SET; Schema: public; Owner: postgres
--

SELECT pg_catalog.setval('public.django_site_id_seq', 1, true);


--
-- Name: quiz_app_question_id_seq; Type: SEQUENCE SET; Schema: public; Owner: postgres
--

SELECT pg_catalog.setval('public.quiz_app_question_id_seq', 5, true);


--
-- Name: quiz_app_quizattempt_id_seq; Type: SEQUENCE SET; Schema: public; Owner: postgres
--

SELECT pg_catalog.setval('public.quiz_app_quizattempt_id_seq', 8, true);


--
-- Name: quiz_app_quizresult_id_seq; Type: SEQUENCE SET; Schema: public; Owner: postgres
--

SELECT pg_catalog.setval('public.quiz_app_quizresult_id_seq', 1, false);


--
-- Name: quiz_app_submission_id_seq; Type: SEQUENCE SET; Schema: public; Owner: postgres
--

SELECT pg_catalog.setval('public.quiz_app_submission_id_seq', 1, false);


--
-- Name: quiz_app_user_groups_id_seq; Type: SEQUENCE SET; Schema: public; Owner: postgres
--

SELECT pg_catalog.setval('public.quiz_app_user_groups_id_seq', 1, false);


--
-- Name: quiz_app_user_id_seq; Type: SEQUENCE SET; Schema: public; Owner: postgres
--

SELECT pg_catalog.setval('public.quiz_app_user_id_seq', 4, true);


--
-- Name: quiz_app_user_user_permissions_id_seq; Type: SEQUENCE SET; Schema: public; Owner: postgres
--

SELECT pg_catalog.setval('public.quiz_app_user_user_permissions_id_seq', 1, false);


--
-- Name: quiz_app_useranswer_id_seq; Type: SEQUENCE SET; Schema: public; Owner: postgres
--

SELECT pg_catalog.setval('public.quiz_app_useranswer_id_seq', 2, true);


--
-- Name: token_blacklist_blacklistedtoken_id_seq; Type: SEQUENCE SET; Schema: public; Owner: postgres
--

SELECT pg_catalog.setval('public.token_blacklist_blacklistedtoken_id_seq', 1, false);


--
-- Name: token_blacklist_outstandingtoken_id_seq; Type: SEQUENCE SET; Schema: public; Owner: postgres
--

SELECT pg_catalog.setval('public.token_blacklist_outstandingtoken_id_seq', 3, true);


--
-- Name: users_id_seq; Type: SEQUENCE SET; Schema: public; Owner: postgres
--

SELECT pg_catalog.setval('public.users_id_seq', 2, true);


--
-- Name: auth_group auth_group_name_key; Type: CONSTRAINT; Schema: public; Owner: postgres
--

ALTER TABLE ONLY public.auth_group
    ADD CONSTRAINT auth_group_name_key UNIQUE (name);


--
-- Name: auth_group_permissions auth_group_permissions_group_id_permission_id_0cd325b0_uniq; Type: CONSTRAINT; Schema: public; Owner: postgres
--

ALTER TABLE ONLY public.auth_group_permissions
    ADD CONSTRAINT auth_group_permissions_group_id_permission_id_0cd325b0_uniq UNIQUE (group_id, permission_id);


--
-- Name: auth_group_permissions auth_group_permissions_pkey; Type: CONSTRAINT; Schema: public; Owner: postgres
--

ALTER TABLE ONLY public.auth_group_permissions
    ADD CONSTRAINT auth_group_permissions_pkey PRIMARY KEY (id);


--
-- Name: auth_group auth_group_pkey; Type: CONSTRAINT; Schema: public; Owner: postgres
--

ALTER TABLE ONLY public.auth_group
    ADD CONSTRAINT auth_group_pkey PRIMARY KEY (id);


--
-- Name: auth_permission auth_permission_content_type_id_codename_01ab375a_uniq; Type: CONSTRAINT; Schema: public; Owner: postgres
--

ALTER TABLE ONLY public.auth_permission
    ADD CONSTRAINT auth_permission_content_type_id_codename_01ab375a_uniq UNIQUE (content_type_id, codename);


--
-- Name: auth_permission auth_permission_pkey; Type: CONSTRAINT; Schema: public; Owner: postgres
--

ALTER TABLE ONLY public.auth_permission
    ADD CONSTRAINT auth_permission_pkey PRIMARY KEY (id);


--
-- Name: authtoken_token authtoken_token_pkey; Type: CONSTRAINT; Schema: public; Owner: postgres
--

ALTER TABLE ONLY public.authtoken_token
    ADD CONSTRAINT authtoken_token_pkey PRIMARY KEY (key);


--
-- Name: authtoken_token authtoken_token_user_id_key; Type: CONSTRAINT; Schema: public; Owner: postgres
--

ALTER TABLE ONLY public.authtoken_token
    ADD CONSTRAINT authtoken_token_user_id_key UNIQUE (user_id);


--
-- Name: django_admin_log django_admin_log_pkey; Type: CONSTRAINT; Schema: public; Owner: postgres
--

ALTER TABLE ONLY public.django_admin_log
    ADD CONSTRAINT django_admin_log_pkey PRIMARY KEY (id);


--
-- Name: django_content_type django_content_type_app_label_model_76bd3d3b_uniq; Type: CONSTRAINT; Schema: public; Owner: postgres
--

ALTER TABLE ONLY public.django_content_type
    ADD CONSTRAINT django_content_type_app_label_model_76bd3d3b_uniq UNIQUE (app_label, model);


--
-- Name: django_content_type django_content_type_pkey; Type: CONSTRAINT; Schema: public; Owner: postgres
--

ALTER TABLE ONLY public.django_content_type
    ADD CONSTRAINT django_content_type_pkey PRIMARY KEY (id);


--
-- Name: django_migrations django_migrations_pkey; Type: CONSTRAINT; Schema: public; Owner: postgres
--

ALTER TABLE ONLY public.django_migrations
    ADD CONSTRAINT django_migrations_pkey PRIMARY KEY (id);


--
-- Name: django_session django_session_pkey; Type: CONSTRAINT; Schema: public; Owner: postgres
--

ALTER TABLE ONLY public.django_session
    ADD CONSTRAINT django_session_pkey PRIMARY KEY (session_key);


--
-- Name: django_site django_site_domain_a2e37b91_uniq; Type: CONSTRAINT; Schema: public; Owner: postgres
--

ALTER TABLE ONLY public.django_site
    ADD CONSTRAINT django_site_domain_a2e37b91_uniq UNIQUE (domain);


--
-- Name: django_site django_site_pkey; Type: CONSTRAINT; Schema: public; Owner: postgres
--

ALTER TABLE ONLY public.django_site
    ADD CONSTRAINT django_site_pkey PRIMARY KEY (id);


--
-- Name: quiz_app_question quiz_app_question_pkey; Type: CONSTRAINT; Schema: public; Owner: postgres
--

ALTER TABLE ONLY public.quiz_app_question
    ADD CONSTRAINT quiz_app_question_pkey PRIMARY KEY (id);


--
-- Name: quiz_app_quizattempt quiz_app_quizattempt_pkey; Type: CONSTRAINT; Schema: public; Owner: postgres
--

ALTER TABLE ONLY public.quiz_app_quizattempt
    ADD CONSTRAINT quiz_app_quizattempt_pkey PRIMARY KEY (id);


--
-- Name: quiz_app_quizresult quiz_app_quizresult_pkey; Type: CONSTRAINT; Schema: public; Owner: postgres
--

ALTER TABLE ONLY public.quiz_app_quizresult
    ADD CONSTRAINT quiz_app_quizresult_pkey PRIMARY KEY (id);


--
-- Name: quiz_app_submission quiz_app_submission_pkey; Type: CONSTRAINT; Schema: public; Owner: postgres
--

ALTER TABLE ONLY public.quiz_app_submission
    ADD CONSTRAINT quiz_app_submission_pkey PRIMARY KEY (id);


--
-- Name: quiz_app_user_groups quiz_app_user_groups_pkey; Type: CONSTRAINT; Schema: public; Owner: postgres
--

ALTER TABLE ONLY public.quiz_app_user_groups
    ADD CONSTRAINT quiz_app_user_groups_pkey PRIMARY KEY (id);


--
-- Name: quiz_app_user_groups quiz_app_user_groups_user_id_group_id_7c2bf81d_uniq; Type: CONSTRAINT; Schema: public; Owner: postgres
--

ALTER TABLE ONLY public.quiz_app_user_groups
    ADD CONSTRAINT quiz_app_user_groups_user_id_group_id_7c2bf81d_uniq UNIQUE (user_id, group_id);


--
-- Name: quiz_app_user quiz_app_user_pkey; Type: CONSTRAINT; Schema: public; Owner: postgres
--

ALTER TABLE ONLY public.quiz_app_user
    ADD CONSTRAINT quiz_app_user_pkey PRIMARY KEY (id);


--
-- Name: quiz_app_user_user_permissions quiz_app_user_user_permi_user_id_permission_id_efdd544f_uniq; Type: CONSTRAINT; Schema: public; Owner: postgres
--

ALTER TABLE ONLY public.quiz_app_user_user_permissions
    ADD CONSTRAINT quiz_app_user_user_permi_user_id_permission_id_efdd544f_uniq UNIQUE (user_id, permission_id);


--
-- Name: quiz_app_user_user_permissions quiz_app_user_user_permissions_pkey; Type: CONSTRAINT; Schema: public; Owner: postgres
--

ALTER TABLE ONLY public.quiz_app_user_user_permissions
    ADD CONSTRAINT quiz_app_user_user_permissions_pkey PRIMARY KEY (id);


--
-- Name: quiz_app_user quiz_app_user_username_key; Type: CONSTRAINT; Schema: public; Owner: postgres
--

ALTER TABLE ONLY public.quiz_app_user
    ADD CONSTRAINT quiz_app_user_username_key UNIQUE (username);


--
-- Name: quiz_app_useranswer quiz_app_useranswer_pkey; Type: CONSTRAINT; Schema: public; Owner: postgres
--

ALTER TABLE ONLY public.quiz_app_useranswer
    ADD CONSTRAINT quiz_app_useranswer_pkey PRIMARY KEY (id);


--
-- Name: token_blacklist_blacklistedtoken token_blacklist_blacklistedtoken_pkey; Type: CONSTRAINT; Schema: public; Owner: postgres
--

ALTER TABLE ONLY public.token_blacklist_blacklistedtoken
    ADD CONSTRAINT token_blacklist_blacklistedtoken_pkey PRIMARY KEY (id);


--
-- Name: token_blacklist_blacklistedtoken token_blacklist_blacklistedtoken_token_id_key; Type: CONSTRAINT; Schema: public; Owner: postgres
--

ALTER TABLE ONLY public.token_blacklist_blacklistedtoken
    ADD CONSTRAINT token_blacklist_blacklistedtoken_token_id_key UNIQUE (token_id);


--
-- Name: token_blacklist_outstandingtoken token_blacklist_outstandingtoken_jti_hex_d9bdf6f7_uniq; Type: CONSTRAINT; Schema: public; Owner: postgres
--

ALTER TABLE ONLY public.token_blacklist_outstandingtoken
    ADD CONSTRAINT token_blacklist_outstandingtoken_jti_hex_d9bdf6f7_uniq UNIQUE (jti);


--
-- Name: token_blacklist_outstandingtoken token_blacklist_outstandingtoken_pkey; Type: CONSTRAINT; Schema: public; Owner: postgres
--

ALTER TABLE ONLY public.token_blacklist_outstandingtoken
    ADD CONSTRAINT token_blacklist_outstandingtoken_pkey PRIMARY KEY (id);


--
-- Name: users users_pkey; Type: CONSTRAINT; Schema: public; Owner: postgres
--

ALTER TABLE ONLY public.users
    ADD CONSTRAINT users_pkey PRIMARY KEY (id);


--
-- Name: auth_group_name_a6ea08ec_like; Type: INDEX; Schema: public; Owner: postgres
--

CREATE INDEX auth_group_name_a6ea08ec_like ON public.auth_group USING btree (name varchar_pattern_ops);


--
-- Name: auth_group_permissions_group_id_b120cbf9; Type: INDEX; Schema: public; Owner: postgres
--

CREATE INDEX auth_group_permissions_group_id_b120cbf9 ON public.auth_group_permissions USING btree (group_id);


--
-- Name: auth_group_permissions_permission_id_84c5c92e; Type: INDEX; Schema: public; Owner: postgres
--

CREATE INDEX auth_group_permissions_permission_id_84c5c92e ON public.auth_group_permissions USING btree (permission_id);


--
-- Name: auth_permission_content_type_id_2f476e4b; Type: INDEX; Schema: public; Owner: postgres
--

CREATE INDEX auth_permission_content_type_id_2f476e4b ON public.auth_permission USING btree (content_type_id);


--
-- Name: authtoken_token_key_10f0b77e_like; Type: INDEX; Schema: public; Owner: postgres
--

CREATE INDEX authtoken_token_key_10f0b77e_like ON public.authtoken_token USING btree (key varchar_pattern_ops);


--
-- Name: django_admin_log_content_type_id_c4bce8eb; Type: INDEX; Schema: public; Owner: postgres
--

CREATE INDEX django_admin_log_content_type_id_c4bce8eb ON public.django_admin_log USING btree (content_type_id);


--
-- Name: django_admin_log_user_id_c564eba6; Type: INDEX; Schema: public; Owner: postgres
--

CREATE INDEX django_admin_log_user_id_c564eba6 ON public.django_admin_log USING btree (user_id);


--
-- Name: django_session_expire_date_a5c62663; Type: INDEX; Schema: public; Owner: postgres
--

CREATE INDEX django_session_expire_date_a5c62663 ON public.django_session USING btree (expire_date);


--
-- Name: django_session_session_key_c0390e0f_like; Type: INDEX; Schema: public; Owner: postgres
--

CREATE INDEX django_session_session_key_c0390e0f_like ON public.django_session USING btree (session_key varchar_pattern_ops);


--
-- Name: django_site_domain_a2e37b91_like; Type: INDEX; Schema: public; Owner: postgres
--

CREATE INDEX django_site_domain_a2e37b91_like ON public.django_site USING btree (domain varchar_pattern_ops);


--
-- Name: quiz_app_quizattempt_user_id_347a9046; Type: INDEX; Schema: public; Owner: postgres
--

CREATE INDEX quiz_app_quizattempt_user_id_347a9046 ON public.quiz_app_quizattempt USING btree (user_id);


--
-- Name: quiz_app_quizresult_user_id_f3ff4323; Type: INDEX; Schema: public; Owner: postgres
--

CREATE INDEX quiz_app_quizresult_user_id_f3ff4323 ON public.quiz_app_quizresult USING btree (user_id);


--
-- Name: quiz_app_submission_question_id_1eae51fc; Type: INDEX; Schema: public; Owner: postgres
--

CREATE INDEX quiz_app_submission_question_id_1eae51fc ON public.quiz_app_submission USING btree (question_id);


--
-- Name: quiz_app_submission_user_id_9fbe8f28; Type: INDEX; Schema: public; Owner: postgres
--

CREATE INDEX quiz_app_submission_user_id_9fbe8f28 ON public.quiz_app_submission USING btree (user_id);


--
-- Name: quiz_app_user_groups_group_id_73a4a891; Type: INDEX; Schema: public; Owner: postgres
--

CREATE INDEX quiz_app_user_groups_group_id_73a4a891 ON public.quiz_app_user_groups USING btree (group_id);


--
-- Name: quiz_app_user_groups_user_id_b7663864; Type: INDEX; Schema: public; Owner: postgres
--

CREATE INDEX quiz_app_user_groups_user_id_b7663864 ON public.quiz_app_user_groups USING btree (user_id);


--
-- Name: quiz_app_user_user_permissions_permission_id_95af1b5f; Type: INDEX; Schema: public; Owner: postgres
--

CREATE INDEX quiz_app_user_user_permissions_permission_id_95af1b5f ON public.quiz_app_user_user_permissions USING btree (permission_id);


--
-- Name: quiz_app_user_user_permissions_user_id_b1eec320; Type: INDEX; Schema: public; Owner: postgres
--

CREATE INDEX quiz_app_user_user_permissions_user_id_b1eec320 ON public.quiz_app_user_user_permissions USING btree (user_id);


--
-- Name: quiz_app_user_username_bfaeed8f_like; Type: INDEX; Schema: public; Owner: postgres
--

CREATE INDEX quiz_app_user_username_bfaeed8f_like ON public.quiz_app_user USING btree (username varchar_pattern_ops);


--
-- Name: quiz_app_useranswer_attempt_id_7779ca58; Type: INDEX; Schema: public; Owner: postgres
--

CREATE INDEX quiz_app_useranswer_attempt_id_7779ca58 ON public.quiz_app_useranswer USING btree (attempt_id);


--
-- Name: quiz_app_useranswer_question_id_b04d2a12; Type: INDEX; Schema: public; Owner: postgres
--

CREATE INDEX quiz_app_useranswer_question_id_b04d2a12 ON public.quiz_app_useranswer USING btree (question_id);


--
-- Name: token_blacklist_outstandingtoken_jti_hex_d9bdf6f7_like; Type: INDEX; Schema: public; Owner: postgres
--

CREATE INDEX token_blacklist_outstandingtoken_jti_hex_d9bdf6f7_like ON public.token_blacklist_outstandingtoken USING btree (jti varchar_pattern_ops);


--
-- Name: token_blacklist_outstandingtoken_user_id_83bc629a; Type: INDEX; Schema: public; Owner: postgres
--

CREATE INDEX token_blacklist_outstandingtoken_user_id_83bc629a ON public.token_blacklist_outstandingtoken USING btree (user_id);


--
-- Name: auth_group_permissions auth_group_permissio_permission_id_84c5c92e_fk_auth_perm; Type: FK CONSTRAINT; Schema: public; Owner: postgres
--

ALTER TABLE ONLY public.auth_group_permissions
    ADD CONSTRAINT auth_group_permissio_permission_id_84c5c92e_fk_auth_perm FOREIGN KEY (permission_id) REFERENCES public.auth_permission(id) DEFERRABLE INITIALLY DEFERRED;


--
-- Name: auth_group_permissions auth_group_permissions_group_id_b120cbf9_fk_auth_group_id; Type: FK CONSTRAINT; Schema: public; Owner: postgres
--

ALTER TABLE ONLY public.auth_group_permissions
    ADD CONSTRAINT auth_group_permissions_group_id_b120cbf9_fk_auth_group_id FOREIGN KEY (group_id) REFERENCES public.auth_group(id) DEFERRABLE INITIALLY DEFERRED;


--
-- Name: auth_permission auth_permission_content_type_id_2f476e4b_fk_django_co; Type: FK CONSTRAINT; Schema: public; Owner: postgres
--

ALTER TABLE ONLY public.auth_permission
    ADD CONSTRAINT auth_permission_content_type_id_2f476e4b_fk_django_co FOREIGN KEY (content_type_id) REFERENCES public.django_content_type(id) DEFERRABLE INITIALLY DEFERRED;


--
-- Name: authtoken_token authtoken_token_user_id_35299eff_fk_quiz_app_user_id; Type: FK CONSTRAINT; Schema: public; Owner: postgres
--

ALTER TABLE ONLY public.authtoken_token
    ADD CONSTRAINT authtoken_token_user_id_35299eff_fk_quiz_app_user_id FOREIGN KEY (user_id) REFERENCES public.quiz_app_user(id) DEFERRABLE INITIALLY DEFERRED;


--
-- Name: django_admin_log django_admin_log_content_type_id_c4bce8eb_fk_django_co; Type: FK CONSTRAINT; Schema: public; Owner: postgres
--

ALTER TABLE ONLY public.django_admin_log
    ADD CONSTRAINT django_admin_log_content_type_id_c4bce8eb_fk_django_co FOREIGN KEY (content_type_id) REFERENCES public.django_content_type(id) DEFERRABLE INITIALLY DEFERRED;


--
-- Name: django_admin_log django_admin_log_user_id_c564eba6_fk_quiz_app_user_id; Type: FK CONSTRAINT; Schema: public; Owner: postgres
--

ALTER TABLE ONLY public.django_admin_log
    ADD CONSTRAINT django_admin_log_user_id_c564eba6_fk_quiz_app_user_id FOREIGN KEY (user_id) REFERENCES public.quiz_app_user(id) DEFERRABLE INITIALLY DEFERRED;


--
-- Name: quiz_app_quizattempt quiz_app_quizattempt_user_id_347a9046_fk_quiz_app_user_id; Type: FK CONSTRAINT; Schema: public; Owner: postgres
--

ALTER TABLE ONLY public.quiz_app_quizattempt
    ADD CONSTRAINT quiz_app_quizattempt_user_id_347a9046_fk_quiz_app_user_id FOREIGN KEY (user_id) REFERENCES public.quiz_app_user(id) DEFERRABLE INITIALLY DEFERRED;


--
-- Name: quiz_app_quizresult quiz_app_quizresult_user_id_f3ff4323_fk_quiz_app_user_id; Type: FK CONSTRAINT; Schema: public; Owner: postgres
--

ALTER TABLE ONLY public.quiz_app_quizresult
    ADD CONSTRAINT quiz_app_quizresult_user_id_f3ff4323_fk_quiz_app_user_id FOREIGN KEY (user_id) REFERENCES public.quiz_app_user(id) DEFERRABLE INITIALLY DEFERRED;


--
-- Name: quiz_app_submission quiz_app_submission_question_id_1eae51fc_fk_quiz_app_; Type: FK CONSTRAINT; Schema: public; Owner: postgres
--

ALTER TABLE ONLY public.quiz_app_submission
    ADD CONSTRAINT quiz_app_submission_question_id_1eae51fc_fk_quiz_app_ FOREIGN KEY (question_id) REFERENCES public.quiz_app_question(id) DEFERRABLE INITIALLY DEFERRED;


--
-- Name: quiz_app_submission quiz_app_submission_user_id_9fbe8f28_fk_quiz_app_user_id; Type: FK CONSTRAINT; Schema: public; Owner: postgres
--

ALTER TABLE ONLY public.quiz_app_submission
    ADD CONSTRAINT quiz_app_submission_user_id_9fbe8f28_fk_quiz_app_user_id FOREIGN KEY (user_id) REFERENCES public.quiz_app_user(id) DEFERRABLE INITIALLY DEFERRED;


--
-- Name: quiz_app_user_groups quiz_app_user_groups_group_id_73a4a891_fk_auth_group_id; Type: FK CONSTRAINT; Schema: public; Owner: postgres
--

ALTER TABLE ONLY public.quiz_app_user_groups
    ADD CONSTRAINT quiz_app_user_groups_group_id_73a4a891_fk_auth_group_id FOREIGN KEY (group_id) REFERENCES public.auth_group(id) DEFERRABLE INITIALLY DEFERRED;


--
-- Name: quiz_app_user_groups quiz_app_user_groups_user_id_b7663864_fk_quiz_app_user_id; Type: FK CONSTRAINT; Schema: public; Owner: postgres
--

ALTER TABLE ONLY public.quiz_app_user_groups
    ADD CONSTRAINT quiz_app_user_groups_user_id_b7663864_fk_quiz_app_user_id FOREIGN KEY (user_id) REFERENCES public.quiz_app_user(id) DEFERRABLE INITIALLY DEFERRED;


--
-- Name: quiz_app_user_user_permissions quiz_app_user_user_p_permission_id_95af1b5f_fk_auth_perm; Type: FK CONSTRAINT; Schema: public; Owner: postgres
--

ALTER TABLE ONLY public.quiz_app_user_user_permissions
    ADD CONSTRAINT quiz_app_user_user_p_permission_id_95af1b5f_fk_auth_perm FOREIGN KEY (permission_id) REFERENCES public.auth_permission(id) DEFERRABLE INITIALLY DEFERRED;


--
-- Name: quiz_app_user_user_permissions quiz_app_user_user_p_user_id_b1eec320_fk_quiz_app_; Type: FK CONSTRAINT; Schema: public; Owner: postgres
--

ALTER TABLE ONLY public.quiz_app_user_user_permissions
    ADD CONSTRAINT quiz_app_user_user_p_user_id_b1eec320_fk_quiz_app_ FOREIGN KEY (user_id) REFERENCES public.quiz_app_user(id) DEFERRABLE INITIALLY DEFERRED;


--
-- Name: quiz_app_useranswer quiz_app_useranswer_attempt_id_7779ca58_fk_quiz_app_; Type: FK CONSTRAINT; Schema: public; Owner: postgres
--

ALTER TABLE ONLY public.quiz_app_useranswer
    ADD CONSTRAINT quiz_app_useranswer_attempt_id_7779ca58_fk_quiz_app_ FOREIGN KEY (attempt_id) REFERENCES public.quiz_app_quizattempt(id) DEFERRABLE INITIALLY DEFERRED;


--
-- Name: quiz_app_useranswer quiz_app_useranswer_question_id_b04d2a12_fk_quiz_app_; Type: FK CONSTRAINT; Schema: public; Owner: postgres
--

ALTER TABLE ONLY public.quiz_app_useranswer
    ADD CONSTRAINT quiz_app_useranswer_question_id_b04d2a12_fk_quiz_app_ FOREIGN KEY (question_id) REFERENCES public.quiz_app_question(id) DEFERRABLE INITIALLY DEFERRED;


--
-- Name: token_blacklist_blacklistedtoken token_blacklist_blacklistedtoken_token_id_3cc7fe56_fk; Type: FK CONSTRAINT; Schema: public; Owner: postgres
--

ALTER TABLE ONLY public.token_blacklist_blacklistedtoken
    ADD CONSTRAINT token_blacklist_blacklistedtoken_token_id_3cc7fe56_fk FOREIGN KEY (token_id) REFERENCES public.token_blacklist_outstandingtoken(id) DEFERRABLE INITIALLY DEFERRED;


--
-- Name: token_blacklist_outstandingtoken token_blacklist_outs_user_id_83bc629a_fk_quiz_app_; Type: FK CONSTRAINT; Schema: public; Owner: postgres
--

ALTER TABLE ONLY public.token_blacklist_outstandingtoken
    ADD CONSTRAINT token_blacklist_outs_user_id_83bc629a_fk_quiz_app_ FOREIGN KEY (user_id) REFERENCES public.quiz_app_user(id) DEFERRABLE INITIALLY DEFERRED;


--
-- Name: TABLE auth_group; Type: ACL; Schema: public; Owner: postgres
--

GRANT ALL ON TABLE public.auth_group TO quiz_user;


--
-- Name: SEQUENCE auth_group_id_seq; Type: ACL; Schema: public; Owner: postgres
--

GRANT ALL ON SEQUENCE public.auth_group_id_seq TO quiz_user;


--
-- Name: TABLE auth_group_permissions; Type: ACL; Schema: public; Owner: postgres
--

GRANT ALL ON TABLE public.auth_group_permissions TO quiz_user;


--
-- Name: SEQUENCE auth_group_permissions_id_seq; Type: ACL; Schema: public; Owner: postgres
--

GRANT ALL ON SEQUENCE public.auth_group_permissions_id_seq TO quiz_user;


--
-- Name: TABLE auth_permission; Type: ACL; Schema: public; Owner: postgres
--

GRANT ALL ON TABLE public.auth_permission TO quiz_user;


--
-- Name: SEQUENCE auth_permission_id_seq; Type: ACL; Schema: public; Owner: postgres
--

GRANT ALL ON SEQUENCE public.auth_permission_id_seq TO quiz_user;


--
-- Name: TABLE authtoken_token; Type: ACL; Schema: public; Owner: postgres
--

GRANT ALL ON TABLE public.authtoken_token TO quiz_user;


--
-- Name: TABLE django_admin_log; Type: ACL; Schema: public; Owner: postgres
--

GRANT ALL ON TABLE public.django_admin_log TO quiz_user;


--
-- Name: SEQUENCE django_admin_log_id_seq; Type: ACL; Schema: public; Owner: postgres
--

GRANT ALL ON SEQUENCE public.django_admin_log_id_seq TO quiz_user;


--
-- Name: TABLE django_content_type; Type: ACL; Schema: public; Owner: postgres
--

GRANT ALL ON TABLE public.django_content_type TO quiz_user;


--
-- Name: SEQUENCE django_content_type_id_seq; Type: ACL; Schema: public; Owner: postgres
--

GRANT ALL ON SEQUENCE public.django_content_type_id_seq TO quiz_user;


--
-- Name: TABLE django_migrations; Type: ACL; Schema: public; Owner: postgres
--

GRANT ALL ON TABLE public.django_migrations TO quiz_user;


--
-- Name: SEQUENCE django_migrations_id_seq; Type: ACL; Schema: public; Owner: postgres
--

GRANT ALL ON SEQUENCE public.django_migrations_id_seq TO quiz_user;


--
-- Name: TABLE django_session; Type: ACL; Schema: public; Owner: postgres
--

GRANT ALL ON TABLE public.django_session TO quiz_user;


--
-- Name: TABLE django_site; Type: ACL; Schema: public; Owner: postgres
--

GRANT ALL ON TABLE public.django_site TO quiz_user;


--
-- Name: SEQUENCE django_site_id_seq; Type: ACL; Schema: public; Owner: postgres
--

GRANT ALL ON SEQUENCE public.django_site_id_seq TO quiz_user;


--
-- Name: TABLE quiz_app_question; Type: ACL; Schema: public; Owner: postgres
--

GRANT ALL ON TABLE public.quiz_app_question TO quiz_user;


--
-- Name: SEQUENCE quiz_app_question_id_seq; Type: ACL; Schema: public; Owner: postgres
--

GRANT ALL ON SEQUENCE public.quiz_app_question_id_seq TO quiz_user;


--
-- Name: TABLE quiz_app_quizattempt; Type: ACL; Schema: public; Owner: postgres
--

GRANT ALL ON TABLE public.quiz_app_quizattempt TO quiz_user;


--
-- Name: SEQUENCE quiz_app_quizattempt_id_seq; Type: ACL; Schema: public; Owner: postgres
--

GRANT ALL ON SEQUENCE public.quiz_app_quizattempt_id_seq TO quiz_user;


--
-- Name: TABLE quiz_app_quizresult; Type: ACL; Schema: public; Owner: postgres
--

GRANT ALL ON TABLE public.quiz_app_quizresult TO quiz_user;


--
-- Name: SEQUENCE quiz_app_quizresult_id_seq; Type: ACL; Schema: public; Owner: postgres
--

GRANT ALL ON SEQUENCE public.quiz_app_quizresult_id_seq TO quiz_user;


--
-- Name: TABLE quiz_app_submission; Type: ACL; Schema: public; Owner: postgres
--

GRANT ALL ON TABLE public.quiz_app_submission TO quiz_user;


--
-- Name: SEQUENCE quiz_app_submission_id_seq; Type: ACL; Schema: public; Owner: postgres
--

GRANT ALL ON SEQUENCE public.quiz_app_submission_id_seq TO quiz_user;


--
-- Name: TABLE quiz_app_user; Type: ACL; Schema: public; Owner: postgres
--

GRANT ALL ON TABLE public.quiz_app_user TO quiz_user;


--
-- Name: TABLE quiz_app_user_groups; Type: ACL; Schema: public; Owner: postgres
--

GRANT ALL ON TABLE public.quiz_app_user_groups TO quiz_user;


--
-- Name: SEQUENCE quiz_app_user_groups_id_seq; Type: ACL; Schema: public; Owner: postgres
--

GRANT ALL ON SEQUENCE public.quiz_app_user_groups_id_seq TO quiz_user;


--
-- Name: SEQUENCE quiz_app_user_id_seq; Type: ACL; Schema: public; Owner: postgres
--

GRANT ALL ON SEQUENCE public.quiz_app_user_id_seq TO quiz_user;


--
-- Name: TABLE quiz_app_user_user_permissions; Type: ACL; Schema: public; Owner: postgres
--

GRANT ALL ON TABLE public.quiz_app_user_user_permissions TO quiz_user;


--
-- Name: SEQUENCE quiz_app_user_user_permissions_id_seq; Type: ACL; Schema: public; Owner: postgres
--

GRANT ALL ON SEQUENCE public.quiz_app_user_user_permissions_id_seq TO quiz_user;


--
-- Name: TABLE quiz_app_useranswer; Type: ACL; Schema: public; Owner: postgres
--

GRANT ALL ON TABLE public.quiz_app_useranswer TO quiz_user;


--
-- Name: SEQUENCE quiz_app_useranswer_id_seq; Type: ACL; Schema: public; Owner: postgres
--

GRANT ALL ON SEQUENCE public.quiz_app_useranswer_id_seq TO quiz_user;


--
-- Name: TABLE token_blacklist_blacklistedtoken; Type: ACL; Schema: public; Owner: postgres
--

GRANT ALL ON TABLE public.token_blacklist_blacklistedtoken TO quiz_user;


--
-- Name: SEQUENCE token_blacklist_blacklistedtoken_id_seq; Type: ACL; Schema: public; Owner: postgres
--

GRANT ALL ON SEQUENCE public.token_blacklist_blacklistedtoken_id_seq TO quiz_user;


--
-- Name: TABLE token_blacklist_outstandingtoken; Type: ACL; Schema: public; Owner: postgres
--

GRANT ALL ON TABLE public.token_blacklist_outstandingtoken TO quiz_user;


--
-- Name: SEQUENCE token_blacklist_outstandingtoken_id_seq; Type: ACL; Schema: public; Owner: postgres
--

GRANT ALL ON SEQUENCE public.token_blacklist_outstandingtoken_id_seq TO quiz_user;


--
-- Name: TABLE users; Type: ACL; Schema: public; Owner: postgres
--

GRANT ALL ON TABLE public.users TO quiz_user;


--
-- Name: SEQUENCE users_id_seq; Type: ACL; Schema: public; Owner: postgres
--

GRANT ALL ON SEQUENCE public.users_id_seq TO quiz_user;


--
-- PostgreSQL database dump complete
--

