--
-- PostgreSQL database dump
--

-- Dumped from database version 17.5
-- Dumped by pg_dump version 17.5

SET statement_timeout = 0;
SET lock_timeout = 0;
SET idle_in_transaction_session_timeout = 0;
SET transaction_timeout = 0;
SET client_encoding = 'UTF8';
SET standard_conforming_strings = on;
SELECT pg_catalog.set_config('search_path', '', false);
SET check_function_bodies = false;
SET xmloption = content;
SET client_min_messages = warning;
SET row_security = off;

SET default_tablespace = '';

SET default_table_access_method = heap;

--
-- Name: auth_group; Type: TABLE; Schema: public; Owner: postgres
--

CREATE TABLE public.auth_group (
    id integer NOT NULL,
    name character varying(150) NOT NULL
);


ALTER TABLE public.auth_group OWNER TO postgres;

--
-- Name: auth_group_id_seq; Type: SEQUENCE; Schema: public; Owner: postgres
--

ALTER TABLE public.auth_group ALTER COLUMN id ADD GENERATED BY DEFAULT AS IDENTITY (
    SEQUENCE NAME public.auth_group_id_seq
    START WITH 1
    INCREMENT BY 1
    NO MINVALUE
    NO MAXVALUE
    CACHE 1
);


--
-- Name: auth_group_permissions; Type: TABLE; Schema: public; Owner: postgres
--

CREATE TABLE public.auth_group_permissions (
    id bigint NOT NULL,
    group_id integer NOT NULL,
    permission_id integer NOT NULL
);


ALTER TABLE public.auth_group_permissions OWNER TO postgres;

--
-- Name: auth_group_permissions_id_seq; Type: SEQUENCE; Schema: public; Owner: postgres
--

ALTER TABLE public.auth_group_permissions ALTER COLUMN id ADD GENERATED BY DEFAULT AS IDENTITY (
    SEQUENCE NAME public.auth_group_permissions_id_seq
    START WITH 1
    INCREMENT BY 1
    NO MINVALUE
    NO MAXVALUE
    CACHE 1
);


--
-- Name: auth_permission; Type: TABLE; Schema: public; Owner: postgres
--

CREATE TABLE public.auth_permission (
    id integer NOT NULL,
    name character varying(255) NOT NULL,
    content_type_id integer NOT NULL,
    codename character varying(100) NOT NULL
);


ALTER TABLE public.auth_permission OWNER TO postgres;

--
-- Name: auth_permission_id_seq; Type: SEQUENCE; Schema: public; Owner: postgres
--

ALTER TABLE public.auth_permission ALTER COLUMN id ADD GENERATED BY DEFAULT AS IDENTITY (
    SEQUENCE NAME public.auth_permission_id_seq
    START WITH 1
    INCREMENT BY 1
    NO MINVALUE
    NO MAXVALUE
    CACHE 1
);


--
-- Name: authtoken_token; Type: TABLE; Schema: public; Owner: postgres
--

CREATE TABLE public.authtoken_token (
    key character varying(40) NOT NULL,
    created timestamp with time zone NOT NULL,
    user_id bigint NOT NULL
);


ALTER TABLE public.authtoken_token OWNER TO postgres;

--
-- Name: django_admin_log; Type: TABLE; Schema: public; Owner: postgres
--

CREATE TABLE public.django_admin_log (
    id integer NOT NULL,
    action_time timestamp with time zone NOT NULL,
    object_id text,
    object_repr character varying(200) NOT NULL,
    action_flag smallint NOT NULL,
    change_message text NOT NULL,
    content_type_id integer,
    user_id bigint NOT NULL,
    CONSTRAINT django_admin_log_action_flag_check CHECK ((action_flag >= 0))
);


ALTER TABLE public.django_admin_log OWNER TO postgres;

--
-- Name: django_admin_log_id_seq; Type: SEQUENCE; Schema: public; Owner: postgres
--

ALTER TABLE public.django_admin_log ALTER COLUMN id ADD GENERATED BY DEFAULT AS IDENTITY (
    SEQUENCE NAME public.django_admin_log_id_seq
    START WITH 1
    INCREMENT BY 1
    NO MINVALUE
    NO MAXVALUE
    CACHE 1
);


--
-- Name: django_celery_beat_clockedschedule; Type: TABLE; Schema: public; Owner: quiz_user
--

CREATE TABLE public.django_celery_beat_clockedschedule (
    id integer NOT NULL,
    clocked_time timestamp with time zone NOT NULL
);


ALTER TABLE public.django_celery_beat_clockedschedule OWNER TO quiz_user;

--
-- Name: django_celery_beat_clockedschedule_id_seq; Type: SEQUENCE; Schema: public; Owner: quiz_user
--

ALTER TABLE public.django_celery_beat_clockedschedule ALTER COLUMN id ADD GENERATED BY DEFAULT AS IDENTITY (
    SEQUENCE NAME public.django_celery_beat_clockedschedule_id_seq
    START WITH 1
    INCREMENT BY 1
    NO MINVALUE
    NO MAXVALUE
    CACHE 1
);


--
-- Name: django_celery_beat_crontabschedule; Type: TABLE; Schema: public; Owner: quiz_user
--

CREATE TABLE public.django_celery_beat_crontabschedule (
    id integer NOT NULL,
    minute character varying(240) NOT NULL,
    hour character varying(96) NOT NULL,
    day_of_week character varying(64) NOT NULL,
    day_of_month character varying(124) NOT NULL,
    month_of_year character varying(64) NOT NULL,
    timezone character varying(63) NOT NULL
);


ALTER TABLE public.django_celery_beat_crontabschedule OWNER TO quiz_user;

--
-- Name: django_celery_beat_crontabschedule_id_seq; Type: SEQUENCE; Schema: public; Owner: quiz_user
--

ALTER TABLE public.django_celery_beat_crontabschedule ALTER COLUMN id ADD GENERATED BY DEFAULT AS IDENTITY (
    SEQUENCE NAME public.django_celery_beat_crontabschedule_id_seq
    START WITH 1
    INCREMENT BY 1
    NO MINVALUE
    NO MAXVALUE
    CACHE 1
);


--
-- Name: django_celery_beat_intervalschedule; Type: TABLE; Schema: public; Owner: quiz_user
--

CREATE TABLE public.django_celery_beat_intervalschedule (
    id integer NOT NULL,
    every integer NOT NULL,
    period character varying(24) NOT NULL
);


ALTER TABLE public.django_celery_beat_intervalschedule OWNER TO quiz_user;

--
-- Name: django_celery_beat_intervalschedule_id_seq; Type: SEQUENCE; Schema: public; Owner: quiz_user
--

ALTER TABLE public.django_celery_beat_intervalschedule ALTER COLUMN id ADD GENERATED BY DEFAULT AS IDENTITY (
    SEQUENCE NAME public.django_celery_beat_intervalschedule_id_seq
    START WITH 1
    INCREMENT BY 1
    NO MINVALUE
    NO MAXVALUE
    CACHE 1
);


--
-- Name: django_celery_beat_periodictask; Type: TABLE; Schema: public; Owner: quiz_user
--

CREATE TABLE public.django_celery_beat_periodictask (
    id integer NOT NULL,
    name character varying(200) NOT NULL,
    task character varying(200) NOT NULL,
    args text NOT NULL,
    kwargs text NOT NULL,
    queue character varying(200),
    exchange character varying(200),
    routing_key character varying(200),
    expires timestamp with time zone,
    enabled boolean NOT NULL,
    last_run_at timestamp with time zone,
    total_run_count integer NOT NULL,
    date_changed timestamp with time zone NOT NULL,
    description text NOT NULL,
    crontab_id integer,
    interval_id integer,
    solar_id integer,
    one_off boolean NOT NULL,
    start_time timestamp with time zone,
    priority integer,
    headers text NOT NULL,
    clocked_id integer,
    expire_seconds integer,
    CONSTRAINT django_celery_beat_periodictask_expire_seconds_check CHECK ((expire_seconds >= 0)),
    CONSTRAINT django_celery_beat_periodictask_priority_check CHECK ((priority >= 0)),
    CONSTRAINT django_celery_beat_periodictask_total_run_count_check CHECK ((total_run_count >= 0))
);


ALTER TABLE public.django_celery_beat_periodictask OWNER TO quiz_user;

--
-- Name: django_celery_beat_periodictask_id_seq; Type: SEQUENCE; Schema: public; Owner: quiz_user
--

ALTER TABLE public.django_celery_beat_periodictask ALTER COLUMN id ADD GENERATED BY DEFAULT AS IDENTITY (
    SEQUENCE NAME public.django_celery_beat_periodictask_id_seq
    START WITH 1
    INCREMENT BY 1
    NO MINVALUE
    NO MAXVALUE
    CACHE 1
);


--
-- Name: django_celery_beat_periodictasks; Type: TABLE; Schema: public; Owner: quiz_user
--

CREATE TABLE public.django_celery_beat_periodictasks (
    ident smallint NOT NULL,
    last_update timestamp with time zone NOT NULL
);


ALTER TABLE public.django_celery_beat_periodictasks OWNER TO quiz_user;

--
-- Name: django_celery_beat_solarschedule; Type: TABLE; Schema: public; Owner: quiz_user
--

CREATE TABLE public.django_celery_beat_solarschedule (
    id integer NOT NULL,
    event character varying(24) NOT NULL,
    latitude numeric(9,6) NOT NULL,
    longitude numeric(9,6) NOT NULL
);


ALTER TABLE public.django_celery_beat_solarschedule OWNER TO quiz_user;

--
-- Name: django_celery_beat_solarschedule_id_seq; Type: SEQUENCE; Schema: public; Owner: quiz_user
--

ALTER TABLE public.django_celery_beat_solarschedule ALTER COLUMN id ADD GENERATED BY DEFAULT AS IDENTITY (
    SEQUENCE NAME public.django_celery_beat_solarschedule_id_seq
    START WITH 1
    INCREMENT BY 1
    NO MINVALUE
    NO MAXVALUE
    CACHE 1
);


--
-- Name: django_celery_results_chordcounter; Type: TABLE; Schema: public; Owner: quiz_user
--

CREATE TABLE public.django_celery_results_chordcounter (
    id integer NOT NULL,
    group_id character varying(255) NOT NULL,
    sub_tasks text NOT NULL,
    count integer NOT NULL,
    CONSTRAINT django_celery_results_chordcounter_count_check CHECK ((count >= 0))
);


ALTER TABLE public.django_celery_results_chordcounter OWNER TO quiz_user;

--
-- Name: django_celery_results_chordcounter_id_seq; Type: SEQUENCE; Schema: public; Owner: quiz_user
--

ALTER TABLE public.django_celery_results_chordcounter ALTER COLUMN id ADD GENERATED BY DEFAULT AS IDENTITY (
    SEQUENCE NAME public.django_celery_results_chordcounter_id_seq
    START WITH 1
    INCREMENT BY 1
    NO MINVALUE
    NO MAXVALUE
    CACHE 1
);


--
-- Name: django_celery_results_groupresult; Type: TABLE; Schema: public; Owner: quiz_user
--

CREATE TABLE public.django_celery_results_groupresult (
    id integer NOT NULL,
    group_id character varying(255) NOT NULL,
    date_created timestamp with time zone NOT NULL,
    date_done timestamp with time zone NOT NULL,
    content_type character varying(128) NOT NULL,
    content_encoding character varying(64) NOT NULL,
    result text
);


ALTER TABLE public.django_celery_results_groupresult OWNER TO quiz_user;

--
-- Name: django_celery_results_groupresult_id_seq; Type: SEQUENCE; Schema: public; Owner: quiz_user
--

ALTER TABLE public.django_celery_results_groupresult ALTER COLUMN id ADD GENERATED BY DEFAULT AS IDENTITY (
    SEQUENCE NAME public.django_celery_results_groupresult_id_seq
    START WITH 1
    INCREMENT BY 1
    NO MINVALUE
    NO MAXVALUE
    CACHE 1
);


--
-- Name: django_celery_results_taskresult; Type: TABLE; Schema: public; Owner: quiz_user
--

CREATE TABLE public.django_celery_results_taskresult (
    id integer NOT NULL,
    task_id character varying(255) NOT NULL,
    status character varying(50) NOT NULL,
    content_type character varying(128) NOT NULL,
    content_encoding character varying(64) NOT NULL,
    result text,
    date_done timestamp with time zone NOT NULL,
    traceback text,
    meta text,
    task_args text,
    task_kwargs text,
    task_name character varying(255),
    worker character varying(100),
    date_created timestamp with time zone NOT NULL,
    periodic_task_name character varying(255)
);


ALTER TABLE public.django_celery_results_taskresult OWNER TO quiz_user;

--
-- Name: django_celery_results_taskresult_id_seq; Type: SEQUENCE; Schema: public; Owner: quiz_user
--

ALTER TABLE public.django_celery_results_taskresult ALTER COLUMN id ADD GENERATED BY DEFAULT AS IDENTITY (
    SEQUENCE NAME public.django_celery_results_taskresult_id_seq
    START WITH 1
    INCREMENT BY 1
    NO MINVALUE
    NO MAXVALUE
    CACHE 1
);


--
-- Name: django_content_type; Type: TABLE; Schema: public; Owner: postgres
--

CREATE TABLE public.django_content_type (
    id integer NOT NULL,
    app_label character varying(100) NOT NULL,
    model character varying(100) NOT NULL
);


ALTER TABLE public.django_content_type OWNER TO postgres;

--
-- Name: django_content_type_id_seq; Type: SEQUENCE; Schema: public; Owner: postgres
--

ALTER TABLE public.django_content_type ALTER COLUMN id ADD GENERATED BY DEFAULT AS IDENTITY (
    SEQUENCE NAME public.django_content_type_id_seq
    START WITH 1
    INCREMENT BY 1
    NO MINVALUE
    NO MAXVALUE
    CACHE 1
);


--
-- Name: django_migrations; Type: TABLE; Schema: public; Owner: postgres
--

CREATE TABLE public.django_migrations (
    id bigint NOT NULL,
    app character varying(255) NOT NULL,
    name character varying(255) NOT NULL,
    applied timestamp with time zone NOT NULL
);


ALTER TABLE public.django_migrations OWNER TO postgres;

--
-- Name: django_migrations_id_seq; Type: SEQUENCE; Schema: public; Owner: postgres
--

ALTER TABLE public.django_migrations ALTER COLUMN id ADD GENERATED BY DEFAULT AS IDENTITY (
    SEQUENCE NAME public.django_migrations_id_seq
    START WITH 1
    INCREMENT BY 1
    NO MINVALUE
    NO MAXVALUE
    CACHE 1
);


--
-- Name: django_session; Type: TABLE; Schema: public; Owner: postgres
--

CREATE TABLE public.django_session (
    session_key character varying(40) NOT NULL,
    session_data text NOT NULL,
    expire_date timestamp with time zone NOT NULL
);


ALTER TABLE public.django_session OWNER TO postgres;

--
-- Name: django_site; Type: TABLE; Schema: public; Owner: postgres
--

CREATE TABLE public.django_site (
    id integer NOT NULL,
    domain character varying(100) NOT NULL,
    name character varying(50) NOT NULL
);


ALTER TABLE public.django_site OWNER TO postgres;

--
-- Name: django_site_id_seq; Type: SEQUENCE; Schema: public; Owner: postgres
--

ALTER TABLE public.django_site ALTER COLUMN id ADD GENERATED BY DEFAULT AS IDENTITY (
    SEQUENCE NAME public.django_site_id_seq
    START WITH 1
    INCREMENT BY 1
    NO MINVALUE
    NO MAXVALUE
    CACHE 1
);


--
-- Name: quiz_app_question; Type: TABLE; Schema: public; Owner: postgres
--

CREATE TABLE public.quiz_app_question (
    id bigint NOT NULL,
    question_text character varying(255) NOT NULL,
    option1 character varying(255) NOT NULL,
    option2 character varying(255) NOT NULL,
    option3 character varying(255) NOT NULL,
    option4 character varying(255) NOT NULL,
    correct_option integer NOT NULL
);


ALTER TABLE public.quiz_app_question OWNER TO postgres;

--
-- Name: quiz_app_question_id_seq; Type: SEQUENCE; Schema: public; Owner: postgres
--

ALTER TABLE public.quiz_app_question ALTER COLUMN id ADD GENERATED BY DEFAULT AS IDENTITY (
    SEQUENCE NAME public.quiz_app_question_id_seq
    START WITH 1
    INCREMENT BY 1
    NO MINVALUE
    NO MAXVALUE
    CACHE 1
);


--
-- Name: quiz_app_quizattempt; Type: TABLE; Schema: public; Owner: postgres
--

CREATE TABLE public.quiz_app_quizattempt (
    id bigint NOT NULL,
    score integer NOT NULL,
    attempted_at timestamp with time zone NOT NULL,
    user_id bigint NOT NULL,
    correct_answers integer NOT NULL,
    total_questions integer NOT NULL
);


ALTER TABLE public.quiz_app_quizattempt OWNER TO postgres;

--
-- Name: quiz_app_quizattempt_id_seq; Type: SEQUENCE; Schema: public; Owner: postgres
--

ALTER TABLE public.quiz_app_quizattempt ALTER COLUMN id ADD GENERATED BY DEFAULT AS IDENTITY (
    SEQUENCE NAME public.quiz_app_quizattempt_id_seq
    START WITH 1
    INCREMENT BY 1
    NO MINVALUE
    NO MAXVALUE
    CACHE 1
);


--
-- Name: quiz_app_quizresult; Type: TABLE; Schema: public; Owner: postgres
--

CREATE TABLE public.quiz_app_quizresult (
    id bigint NOT NULL,
    score integer NOT NULL,
    attempted_at timestamp with time zone NOT NULL,
    user_id bigint NOT NULL
);


ALTER TABLE public.quiz_app_quizresult OWNER TO postgres;

--
-- Name: quiz_app_quizresult_id_seq; Type: SEQUENCE; Schema: public; Owner: postgres
--

ALTER TABLE public.quiz_app_quizresult ALTER COLUMN id ADD GENERATED BY DEFAULT AS IDENTITY (
    SEQUENCE NAME public.quiz_app_quizresult_id_seq
    START WITH 1
    INCREMENT BY 1
    NO MINVALUE
    NO MAXVALUE
    CACHE 1
);


--
-- Name: quiz_app_submission; Type: TABLE; Schema: public; Owner: postgres
--

CREATE TABLE public.quiz_app_submission (
    id bigint NOT NULL,
    selected_answer character varying(1) NOT NULL,
    is_correct boolean NOT NULL,
    question_id bigint NOT NULL,
    user_id bigint NOT NULL
);


ALTER TABLE public.quiz_app_submission OWNER TO postgres;

--
-- Name: quiz_app_submission_id_seq; Type: SEQUENCE; Schema: public; Owner: postgres
--

ALTER TABLE public.quiz_app_submission ALTER COLUMN id ADD GENERATED BY DEFAULT AS IDENTITY (
    SEQUENCE NAME public.quiz_app_submission_id_seq
    START WITH 1
    INCREMENT BY 1
    NO MINVALUE
    NO MAXVALUE
    CACHE 1
);


--
-- Name: quiz_app_user; Type: TABLE; Schema: public; Owner: postgres
--

CREATE TABLE public.quiz_app_user (
    id bigint NOT NULL,
    password character varying(128) NOT NULL,
    last_login timestamp with time zone,
    is_superuser boolean NOT NULL,
    username character varying(150) NOT NULL,
    first_name character varying(150) NOT NULL,
    last_name character varying(150) NOT NULL,
    email character varying(254) NOT NULL,
    is_staff boolean NOT NULL,
    is_active boolean NOT NULL,
    date_joined timestamp with time zone NOT NULL,
    is_admin boolean NOT NULL
);


ALTER TABLE public.quiz_app_user OWNER TO postgres;

--
-- Name: quiz_app_user_groups; Type: TABLE; Schema: public; Owner: postgres
--

CREATE TABLE public.quiz_app_user_groups (
    id bigint NOT NULL,
    user_id bigint NOT NULL,
    group_id integer NOT NULL
);


ALTER TABLE public.quiz_app_user_groups OWNER TO postgres;

--
-- Name: quiz_app_user_groups_id_seq; Type: SEQUENCE; Schema: public; Owner: postgres
--

ALTER TABLE public.quiz_app_user_groups ALTER COLUMN id ADD GENERATED BY DEFAULT AS IDENTITY (
    SEQUENCE NAME public.quiz_app_user_groups_id_seq
    START WITH 1
    INCREMENT BY 1
    NO MINVALUE
    NO MAXVALUE
    CACHE 1
);


--
-- Name: quiz_app_user_id_seq; Type: SEQUENCE; Schema: public; Owner: postgres
--

ALTER TABLE public.quiz_app_user ALTER COLUMN id ADD GENERATED BY DEFAULT AS IDENTITY (
    SEQUENCE NAME public.quiz_app_user_id_seq
    START WITH 1
    INCREMENT BY 1
    NO MINVALUE
    NO MAXVALUE
    CACHE 1
);


--
-- Name: quiz_app_user_user_permissions; Type: TABLE; Schema: public; Owner: postgres
--

CREATE TABLE public.quiz_app_user_user_permissions (
    id bigint NOT NULL,
    user_id bigint NOT NULL,
    permission_id integer NOT NULL
);


ALTER TABLE public.quiz_app_user_user_permissions OWNER TO postgres;

--
-- Name: quiz_app_user_user_permissions_id_seq; Type: SEQUENCE; Schema: public; Owner: postgres
--

ALTER TABLE public.quiz_app_user_user_permissions ALTER COLUMN id ADD GENERATED BY DEFAULT AS IDENTITY (
    SEQUENCE NAME public.quiz_app_user_user_permissions_id_seq
    START WITH 1
    INCREMENT BY 1
    NO MINVALUE
    NO MAXVALUE
    CACHE 1
);


--
-- Name: quiz_app_useranswer; Type: TABLE; Schema: public; Owner: postgres
--

CREATE TABLE public.quiz_app_useranswer (
    id bigint NOT NULL,
    selected_option integer NOT NULL,
    attempt_id bigint NOT NULL,
    question_id bigint NOT NULL,
    is_correct boolean NOT NULL
);


ALTER TABLE public.quiz_app_useranswer OWNER TO postgres;

--
-- Name: quiz_app_useranswer_id_seq; Type: SEQUENCE; Schema: public; Owner: postgres
--

ALTER TABLE public.quiz_app_useranswer ALTER COLUMN id ADD GENERATED BY DEFAULT AS IDENTITY (
    SEQUENCE NAME public.quiz_app_useranswer_id_seq
    START WITH 1
    INCREMENT BY 1
    NO MINVALUE
    NO MAXVALUE
    CACHE 1
);


--
-- Name: quizzes_choice; Type: TABLE; Schema: public; Owner: quiz_user
--

CREATE TABLE public.quizzes_choice (
    id bigint NOT NULL,
    choice_text character varying(255) NOT NULL,
    is_correct boolean NOT NULL,
    question_id bigint NOT NULL
);


ALTER TABLE public.quizzes_choice OWNER TO quiz_user;

--
-- Name: quizzes_choice_id_seq; Type: SEQUENCE; Schema: public; Owner: quiz_user
--

ALTER TABLE public.quizzes_choice ALTER COLUMN id ADD GENERATED BY DEFAULT AS IDENTITY (
    SEQUENCE NAME public.quizzes_choice_id_seq
    START WITH 1
    INCREMENT BY 1
    NO MINVALUE
    NO MAXVALUE
    CACHE 1
);


--
-- Name: quizzes_question; Type: TABLE; Schema: public; Owner: quiz_user
--

CREATE TABLE public.quizzes_question (
    id bigint NOT NULL,
    question_text text NOT NULL,
    question_type character varying(10) NOT NULL,
    points integer NOT NULL,
    quiz_id bigint NOT NULL
);


ALTER TABLE public.quizzes_question OWNER TO quiz_user;

--
-- Name: quizzes_question_id_seq; Type: SEQUENCE; Schema: public; Owner: quiz_user
--

ALTER TABLE public.quizzes_question ALTER COLUMN id ADD GENERATED BY DEFAULT AS IDENTITY (
    SEQUENCE NAME public.quizzes_question_id_seq
    START WITH 1
    INCREMENT BY 1
    NO MINVALUE
    NO MAXVALUE
    CACHE 1
);


--
-- Name: quizzes_quiz; Type: TABLE; Schema: public; Owner: quiz_user
--

CREATE TABLE public.quizzes_quiz (
    id bigint NOT NULL,
    title character varying(255) NOT NULL,
    description text NOT NULL,
    start_time timestamp with time zone,
    end_time timestamp with time zone,
    duration_minutes integer NOT NULL,
    is_active boolean NOT NULL,
    CONSTRAINT quizzes_quiz_duration_minutes_c28695d4_check CHECK ((duration_minutes >= 0))
);


ALTER TABLE public.quizzes_quiz OWNER TO quiz_user;

--
-- Name: quizzes_quiz_id_seq; Type: SEQUENCE; Schema: public; Owner: quiz_user
--

ALTER TABLE public.quizzes_quiz ALTER COLUMN id ADD GENERATED BY DEFAULT AS IDENTITY (
    SEQUENCE NAME public.quizzes_quiz_id_seq
    START WITH 1
    INCREMENT BY 1
    NO MINVALUE
    NO MAXVALUE
    CACHE 1
);


--
-- Name: quizzes_studentquiz; Type: TABLE; Schema: public; Owner: quiz_user
--

CREATE TABLE public.quizzes_studentquiz (
    id bigint NOT NULL,
    started_at timestamp with time zone NOT NULL,
    completed_at timestamp with time zone,
    total_score double precision NOT NULL,
    quiz_id bigint NOT NULL,
    student_id bigint NOT NULL
);


ALTER TABLE public.quizzes_studentquiz OWNER TO quiz_user;

--
-- Name: quizzes_studentquiz_id_seq; Type: SEQUENCE; Schema: public; Owner: quiz_user
--

ALTER TABLE public.quizzes_studentquiz ALTER COLUMN id ADD GENERATED BY DEFAULT AS IDENTITY (
    SEQUENCE NAME public.quizzes_studentquiz_id_seq
    START WITH 1
    INCREMENT BY 1
    NO MINVALUE
    NO MAXVALUE
    CACHE 1
);


--
-- Name: quizzes_studentquizquestions; Type: TABLE; Schema: public; Owner: quiz_user
--

CREATE TABLE public.quizzes_studentquizquestions (
    id bigint NOT NULL,
    question_id bigint NOT NULL,
    student_quiz_id bigint NOT NULL
);


ALTER TABLE public.quizzes_studentquizquestions OWNER TO quiz_user;

--
-- Name: quizzes_studentquizquestions_id_seq; Type: SEQUENCE; Schema: public; Owner: quiz_user
--

ALTER TABLE public.quizzes_studentquizquestions ALTER COLUMN id ADD GENERATED BY DEFAULT AS IDENTITY (
    SEQUENCE NAME public.quizzes_studentquizquestions_id_seq
    START WITH 1
    INCREMENT BY 1
    NO MINVALUE
    NO MAXVALUE
    CACHE 1
);


--
-- Name: quizzes_submission; Type: TABLE; Schema: public; Owner: quiz_user
--

CREATE TABLE public.quizzes_submission (
    id bigint NOT NULL,
    answer_text text,
    submitted_at timestamp with time zone NOT NULL,
    is_correct boolean NOT NULL,
    question_id bigint NOT NULL,
    quiz_id bigint NOT NULL,
    user_id bigint NOT NULL,
    score_awarded double precision NOT NULL
);


ALTER TABLE public.quizzes_submission OWNER TO quiz_user;

--
-- Name: quizzes_submission_id_seq; Type: SEQUENCE; Schema: public; Owner: quiz_user
--

ALTER TABLE public.quizzes_submission ALTER COLUMN id ADD GENERATED BY DEFAULT AS IDENTITY (
    SEQUENCE NAME public.quizzes_submission_id_seq
    START WITH 1
    INCREMENT BY 1
    NO MINVALUE
    NO MAXVALUE
    CACHE 1
);


--
-- Name: quizzes_testcase; Type: TABLE; Schema: public; Owner: quiz_user
--

CREATE TABLE public.quizzes_testcase (
    id bigint NOT NULL,
    input_data text NOT NULL,
    expected_output text NOT NULL,
    question_id bigint NOT NULL
);


ALTER TABLE public.quizzes_testcase OWNER TO quiz_user;

--
-- Name: quizzes_testcase_id_seq; Type: SEQUENCE; Schema: public; Owner: quiz_user
--

ALTER TABLE public.quizzes_testcase ALTER COLUMN id ADD GENERATED BY DEFAULT AS IDENTITY (
    SEQUENCE NAME public.quizzes_testcase_id_seq
    START WITH 1
    INCREMENT BY 1
    NO MINVALUE
    NO MAXVALUE
    CACHE 1
);


--
-- Name: token_blacklist_blacklistedtoken; Type: TABLE; Schema: public; Owner: postgres
--

CREATE TABLE public.token_blacklist_blacklistedtoken (
    id bigint NOT NULL,
    blacklisted_at timestamp with time zone NOT NULL,
    token_id bigint NOT NULL
);


ALTER TABLE public.token_blacklist_blacklistedtoken OWNER TO postgres;

--
-- Name: token_blacklist_blacklistedtoken_id_seq; Type: SEQUENCE; Schema: public; Owner: postgres
--

ALTER TABLE public.token_blacklist_blacklistedtoken ALTER COLUMN id ADD GENERATED BY DEFAULT AS IDENTITY (
    SEQUENCE NAME public.token_blacklist_blacklistedtoken_id_seq
    START WITH 1
    INCREMENT BY 1
    NO MINVALUE
    NO MAXVALUE
    CACHE 1
);


--
-- Name: token_blacklist_outstandingtoken; Type: TABLE; Schema: public; Owner: postgres
--

CREATE TABLE public.token_blacklist_outstandingtoken (
    id bigint NOT NULL,
    token text NOT NULL,
    created_at timestamp with time zone,
    expires_at timestamp with time zone NOT NULL,
    user_id bigint,
    jti character varying(255) NOT NULL
);


ALTER TABLE public.token_blacklist_outstandingtoken OWNER TO postgres;

--
-- Name: token_blacklist_outstandingtoken_id_seq; Type: SEQUENCE; Schema: public; Owner: postgres
--

ALTER TABLE public.token_blacklist_outstandingtoken ALTER COLUMN id ADD GENERATED BY DEFAULT AS IDENTITY (
    SEQUENCE NAME public.token_blacklist_outstandingtoken_id_seq
    START WITH 1
    INCREMENT BY 1
    NO MINVALUE
    NO MAXVALUE
    CACHE 1
);


--
-- Name: users; Type: TABLE; Schema: public; Owner: postgres
--

CREATE TABLE public.users (
    id integer NOT NULL,
    name character varying(100),
    email character varying(100)
);


ALTER TABLE public.users OWNER TO postgres;

--
-- Name: users_id_seq; Type: SEQUENCE; Schema: public; Owner: postgres
--

CREATE SEQUENCE public.users_id_seq
    AS integer
    START WITH 1
    INCREMENT BY 1
    NO MINVALUE
    NO MAXVALUE
    CACHE 1;


ALTER SEQUENCE public.users_id_seq OWNER TO postgres;

--
-- Name: users_id_seq; Type: SEQUENCE OWNED BY; Schema: public; Owner: postgres
--

ALTER SEQUENCE public.users_id_seq OWNED BY public.users.id;


--
-- Name: users_user; Type: TABLE; Schema: public; Owner: quiz_user
--

CREATE TABLE public.users_user (
    id bigint NOT NULL,
    password character varying(128) NOT NULL,
    last_login timestamp with time zone,
    is_superuser boolean NOT NULL,
    username character varying(150) NOT NULL,
    first_name character varying(150) NOT NULL,
    last_name character varying(150) NOT NULL,
    email character varying(254) NOT NULL,
    is_staff boolean NOT NULL,
    is_active boolean NOT NULL,
    date_joined timestamp with time zone NOT NULL
);


ALTER TABLE public.users_user OWNER TO quiz_user;

--
-- Name: users_user_groups; Type: TABLE; Schema: public; Owner: quiz_user
--

CREATE TABLE public.users_user_groups (
    id integer NOT NULL,
    user_id bigint NOT NULL,
    group_id integer NOT NULL
);


ALTER TABLE public.users_user_groups OWNER TO quiz_user;

--
-- Name: users_user_groups_id_seq; Type: SEQUENCE; Schema: public; Owner: quiz_user
--

ALTER TABLE public.users_user_groups ALTER COLUMN id ADD GENERATED BY DEFAULT AS IDENTITY (
    SEQUENCE NAME public.users_user_groups_id_seq
    START WITH 1
    INCREMENT BY 1
    NO MINVALUE
    NO MAXVALUE
    CACHE 1
);


--
-- Name: users_user_id_seq; Type: SEQUENCE; Schema: public; Owner: quiz_user
--

ALTER TABLE public.users_user ALTER COLUMN id ADD GENERATED BY DEFAULT AS IDENTITY (
    SEQUENCE NAME public.users_user_id_seq
    START WITH 1
    INCREMENT BY 1
    NO MINVALUE
    NO MAXVALUE
    CACHE 1
);


--
-- Name: users_user_user_permissions; Type: TABLE; Schema: public; Owner: quiz_user
--

CREATE TABLE public.users_user_user_permissions (
    id integer NOT NULL,
    user_id bigint NOT NULL,
    permission_id integer NOT NULL
);


ALTER TABLE public.users_user_user_permissions OWNER TO quiz_user;

--
-- Name: users_user_user_permissions_id_seq; Type: SEQUENCE; Schema: public; Owner: quiz_user
--

ALTER TABLE public.users_user_user_permissions ALTER COLUMN id ADD GENERATED BY DEFAULT AS IDENTITY (
    SEQUENCE NAME public.users_user_user_permissions_id_seq
    START WITH 1
    INCREMENT BY 1
    NO MINVALUE
    NO MAXVALUE
    CACHE 1
);


--
-- Name: users id; Type: DEFAULT; Schema: public; Owner: postgres
--

ALTER TABLE ONLY public.users ALTER COLUMN id SET DEFAULT nextval('public.users_id_seq'::regclass);


--
-- Data for Name: auth_group; Type: TABLE DATA; Schema: public; Owner: postgres
--

COPY public.auth_group (id, name) FROM stdin;
\.


--
-- Data for Name: auth_group_permissions; Type: TABLE DATA; Schema: public; Owner: postgres
--

COPY public.auth_group_permissions (id, group_id, permission_id) FROM stdin;
\.


--
-- Data for Name: auth_permission; Type: TABLE DATA; Schema: public; Owner: postgres
--

COPY public.auth_permission (id, name, content_type_id, codename) FROM stdin;
1	Can add log entry	1	add_logentry
2	Can change log entry	1	change_logentry
3	Can delete log entry	1	delete_logentry
4	Can view log entry	1	view_logentry
5	Can add permission	2	add_permission
6	Can change permission	2	change_permission
7	Can delete permission	2	delete_permission
8	Can view permission	2	view_permission
9	Can add group	3	add_group
10	Can change group	3	change_group
11	Can delete group	3	delete_group
12	Can view group	3	view_group
13	Can add content type	4	add_contenttype
14	Can change content type	4	change_contenttype
15	Can delete content type	4	delete_contenttype
16	Can view content type	4	view_contenttype
17	Can add session	5	add_session
18	Can change session	5	change_session
19	Can delete session	5	delete_session
20	Can view session	5	view_session
21	Can add site	6	add_site
22	Can change site	6	change_site
23	Can delete site	6	delete_site
24	Can view site	6	view_site
25	Can add blacklisted token	7	add_blacklistedtoken
26	Can change blacklisted token	7	change_blacklistedtoken
27	Can delete blacklisted token	7	delete_blacklistedtoken
28	Can view blacklisted token	7	view_blacklistedtoken
29	Can add outstanding token	8	add_outstandingtoken
30	Can change outstanding token	8	change_outstandingtoken
31	Can delete outstanding token	8	delete_outstandingtoken
32	Can view outstanding token	8	view_outstandingtoken
33	Can add question	9	add_question
34	Can change question	9	change_question
35	Can delete question	9	delete_question
36	Can view question	9	view_question
37	Can add user	10	add_user
38	Can change user	10	change_user
39	Can delete user	10	delete_user
40	Can view user	10	view_user
41	Can add quiz attempt	11	add_quizattempt
42	Can change quiz attempt	11	change_quizattempt
43	Can delete quiz attempt	11	delete_quizattempt
44	Can view quiz attempt	11	view_quizattempt
45	Can add quiz result	12	add_quizresult
46	Can change quiz result	12	change_quizresult
47	Can delete quiz result	12	delete_quizresult
48	Can view quiz result	12	view_quizresult
49	Can add user answer	13	add_useranswer
50	Can change user answer	13	change_useranswer
51	Can delete user answer	13	delete_useranswer
52	Can view user answer	13	view_useranswer
53	Can add Token	14	add_token
54	Can change Token	14	change_token
55	Can delete Token	14	delete_token
56	Can view Token	14	view_token
57	Can add Token	15	add_tokenproxy
58	Can change Token	15	change_tokenproxy
59	Can delete Token	15	delete_tokenproxy
60	Can view Token	15	view_tokenproxy
61	Can add submission	16	add_submission
62	Can change submission	16	change_submission
63	Can delete submission	16	delete_submission
64	Can view submission	16	view_submission
65	Can add user	17	add_user
66	Can change user	17	change_user
67	Can delete user	17	delete_user
68	Can view user	17	view_user
69	Can add task result	18	add_taskresult
70	Can change task result	18	change_taskresult
71	Can delete task result	18	delete_taskresult
72	Can view task result	18	view_taskresult
73	Can add chord counter	19	add_chordcounter
74	Can change chord counter	19	change_chordcounter
75	Can delete chord counter	19	delete_chordcounter
76	Can view chord counter	19	view_chordcounter
77	Can add group result	20	add_groupresult
78	Can change group result	20	change_groupresult
79	Can delete group result	20	delete_groupresult
80	Can view group result	20	view_groupresult
81	Can add crontab	21	add_crontabschedule
82	Can change crontab	21	change_crontabschedule
83	Can delete crontab	21	delete_crontabschedule
84	Can view crontab	21	view_crontabschedule
85	Can add interval	22	add_intervalschedule
86	Can change interval	22	change_intervalschedule
87	Can delete interval	22	delete_intervalschedule
88	Can view interval	22	view_intervalschedule
89	Can add periodic task	23	add_periodictask
90	Can change periodic task	23	change_periodictask
91	Can delete periodic task	23	delete_periodictask
92	Can view periodic task	23	view_periodictask
93	Can add periodic task track	24	add_periodictasks
94	Can change periodic task track	24	change_periodictasks
95	Can delete periodic task track	24	delete_periodictasks
96	Can view periodic task track	24	view_periodictasks
97	Can add solar event	25	add_solarschedule
98	Can change solar event	25	change_solarschedule
99	Can delete solar event	25	delete_solarschedule
100	Can view solar event	25	view_solarschedule
101	Can add clocked	26	add_clockedschedule
102	Can change clocked	26	change_clockedschedule
103	Can delete clocked	26	delete_clockedschedule
104	Can view clocked	26	view_clockedschedule
105	Can add question	27	add_question
106	Can change question	27	change_question
107	Can delete question	27	delete_question
108	Can view question	27	view_question
109	Can add quiz	28	add_quiz
110	Can change quiz	28	change_quiz
111	Can delete quiz	28	delete_quiz
112	Can view quiz	28	view_quiz
113	Can add submission	29	add_submission
114	Can change submission	29	change_submission
115	Can delete submission	29	delete_submission
116	Can view submission	29	view_submission
117	Can add test case	30	add_testcase
118	Can change test case	30	change_testcase
119	Can delete test case	30	delete_testcase
120	Can view test case	30	view_testcase
121	Can add choice	31	add_choice
122	Can change choice	31	change_choice
123	Can delete choice	31	delete_choice
124	Can view choice	31	view_choice
125	Can add student quiz	32	add_studentquiz
126	Can change student quiz	32	change_studentquiz
127	Can delete student quiz	32	delete_studentquiz
128	Can view student quiz	32	view_studentquiz
129	Can add student quiz questions	33	add_studentquizquestions
130	Can change student quiz questions	33	change_studentquizquestions
131	Can delete student quiz questions	33	delete_studentquizquestions
132	Can view student quiz questions	33	view_studentquizquestions
\.


--
-- Data for Name: authtoken_token; Type: TABLE DATA; Schema: public; Owner: postgres
--

COPY public.authtoken_token (key, created, user_id) FROM stdin;
d9a79677b18344596c9a1daeb3a3683562994ce9	2025-08-11 17:51:51.965252+05:30	1
\.


--
-- Data for Name: django_admin_log; Type: TABLE DATA; Schema: public; Owner: postgres
--

COPY public.django_admin_log (id, action_time, object_id, object_repr, action_flag, change_message, content_type_id, user_id) FROM stdin;
1	2025-07-08 12:38:41.562108+05:30	1	what is 2+2?	1	[{"added": {}}]	9	1
2	2025-07-08 12:42:30.338847+05:30	2	what is the capital of india	1	[{"added": {}}]	9	1
3	2025-08-11 17:30:16.287605+05:30	1	Python Basics	1	[{"added": {}}]	28	1
4	2025-08-11 17:30:47.227227+05:30	2	Django Fundamentals	1	[{"added": {}}]	28	1
5	2025-08-11 17:31:24.342615+05:30	3	HTML & CSS Basics	1	[{"added": {}}]	28	1
6	2025-08-11 17:40:47.007757+05:30	1	What keyword is used to define a function in Python?	1	[{"added": {}}]	27	1
7	2025-08-11 17:41:50.382971+05:30	2	Which of the following is a mutable data type in Python?	1	[{"added": {}}, {"added": {"name": "choice", "object": "Tuple"}}, {"added": {"name": "choice", "object": "List"}}, {"added": {"name": "choice", "object": "String"}}, {"added": {"name": "choice", "object": "Integer"}}]	27	1
8	2025-08-11 17:42:22.599843+05:30	3	In Python, variables do not need to be declared before use.	1	[{"added": {}}, {"added": {"name": "choice", "object": "True"}}, {"added": {"name": "choice", "object": "False"}}]	27	1
9	2025-08-11 17:43:06.278614+05:30	4	Write a Python function add_numbers(a, b) that returns the sum of two numbers.	1	[{"added": {}}, {"added": {"name": "test case", "object": "Test case for Write a Python function add_numbers(a, b) that returns the sum of two numbers."}}]	27	1
10	2025-08-11 17:43:52.631354+05:30	5	What keyword is used to define a function in Python?	1	[{"added": {}}]	27	1
11	2025-08-11 17:45:03.293584+05:30	6	What is the output of len("Python")?	1	[{"added": {}}, {"added": {"name": "choice", "object": "5"}}, {"added": {"name": "choice", "object": "6"}}, {"added": {"name": "choice", "object": "7"}}, {"added": {"name": "choice", "object": "Error"}}]	27	1
12	2025-08-11 17:46:12.980272+05:30	7	What is the default database used in Django for development?	1	[{"added": {}}]	27	1
13	2025-08-11 17:46:35.400629+05:30	8	Which file is responsible for URL routing in a Django application?	1	[{"added": {}}]	27	1
14	2025-08-11 17:47:39.688549+05:30	9	Which command is used to create a new Django project?	1	[{"added": {}}, {"added": {"name": "choice", "object": "django-admin startproject"}}, {"added": {"name": "choice", "object": "python manage.py startproject"}}, {"added": {"name": "choice", "object": "django startproject"}}, {"added": {"name": "choice", "object": "startproject django-admin"}}]	27	1
15	2025-08-11 17:48:38.618025+05:30	10	What is the default primary key field type in Django models?	1	[{"added": {}}, {"added": {"name": "choice", "object": "CharField"}}, {"added": {"name": "choice", "object": "AutoField"}}, {"added": {"name": "choice", "object": "UUIDField"}}, {"added": {"name": "choice", "object": "IntegerField"}}]	27	1
16	2025-08-11 17:49:32.873711+05:30	11	Which of the following is NOT a valid Django field type?	1	[{"added": {}}, {"added": {"name": "choice", "object": "EmailField"}}, {"added": {"name": "choice", "object": "SlugField"}}, {"added": {"name": "choice", "object": "JsonField"}}, {"added": {"name": "choice", "object": "XmlField"}}]	27	1
17	2025-08-11 17:50:12.87975+05:30	12	Django follows the Model-View-Controller (MVC) pattern.	1	[{"added": {}}, {"added": {"name": "choice", "object": "True"}}, {"added": {"name": "choice", "object": "False"}}]	27	1
18	2025-08-11 17:51:01.947058+05:30	13	Write a Django view that returns the text "Hello, Django!" as an HTTP response.	1	[{"added": {}}, {"added": {"name": "test case", "object": "Test case for Write a Django view that returns the text \\"Hello, Django!\\" as an HTTP response."}}]	27	1
\.


--
-- Data for Name: django_celery_beat_clockedschedule; Type: TABLE DATA; Schema: public; Owner: quiz_user
--

COPY public.django_celery_beat_clockedschedule (id, clocked_time) FROM stdin;
\.


--
-- Data for Name: django_celery_beat_crontabschedule; Type: TABLE DATA; Schema: public; Owner: quiz_user
--

COPY public.django_celery_beat_crontabschedule (id, minute, hour, day_of_week, day_of_month, month_of_year, timezone) FROM stdin;
\.


--
-- Data for Name: django_celery_beat_intervalschedule; Type: TABLE DATA; Schema: public; Owner: quiz_user
--

COPY public.django_celery_beat_intervalschedule (id, every, period) FROM stdin;
\.


--
-- Data for Name: django_celery_beat_periodictask; Type: TABLE DATA; Schema: public; Owner: quiz_user
--

COPY public.django_celery_beat_periodictask (id, name, task, args, kwargs, queue, exchange, routing_key, expires, enabled, last_run_at, total_run_count, date_changed, description, crontab_id, interval_id, solar_id, one_off, start_time, priority, headers, clocked_id, expire_seconds) FROM stdin;
\.


--
-- Data for Name: django_celery_beat_periodictasks; Type: TABLE DATA; Schema: public; Owner: quiz_user
--

COPY public.django_celery_beat_periodictasks (ident, last_update) FROM stdin;
\.


--
-- Data for Name: django_celery_beat_solarschedule; Type: TABLE DATA; Schema: public; Owner: quiz_user
--

COPY public.django_celery_beat_solarschedule (id, event, latitude, longitude) FROM stdin;
\.


--
-- Data for Name: django_celery_results_chordcounter; Type: TABLE DATA; Schema: public; Owner: quiz_user
--

COPY public.django_celery_results_chordcounter (id, group_id, sub_tasks, count) FROM stdin;
\.


--
-- Data for Name: django_celery_results_groupresult; Type: TABLE DATA; Schema: public; Owner: quiz_user
--

COPY public.django_celery_results_groupresult (id, group_id, date_created, date_done, content_type, content_encoding, result) FROM stdin;
\.


--
-- Data for Name: django_celery_results_taskresult; Type: TABLE DATA; Schema: public; Owner: quiz_user
--

COPY public.django_celery_results_taskresult (id, task_id, status, content_type, content_encoding, result, date_done, traceback, meta, task_args, task_kwargs, task_name, worker, date_created, periodic_task_name) FROM stdin;
\.


--
-- Data for Name: django_content_type; Type: TABLE DATA; Schema: public; Owner: postgres
--

COPY public.django_content_type (id, app_label, model) FROM stdin;
1	admin	logentry
2	auth	permission
3	auth	group
4	contenttypes	contenttype
5	sessions	session
6	sites	site
7	token_blacklist	blacklistedtoken
8	token_blacklist	outstandingtoken
9	quiz_app	question
10	quiz_app	user
11	quiz_app	quizattempt
12	quiz_app	quizresult
13	quiz_app	useranswer
14	authtoken	token
15	authtoken	tokenproxy
16	quiz_app	submission
17	users	user
18	django_celery_results	taskresult
19	django_celery_results	chordcounter
20	django_celery_results	groupresult
21	django_celery_beat	crontabschedule
22	django_celery_beat	intervalschedule
23	django_celery_beat	periodictask
24	django_celery_beat	periodictasks
25	django_celery_beat	solarschedule
26	django_celery_beat	clockedschedule
27	quizzes	question
28	quizzes	quiz
29	quizzes	submission
30	quizzes	testcase
31	quizzes	choice
32	quizzes	studentquiz
33	quizzes	studentquizquestions
\.


--
-- Data for Name: django_migrations; Type: TABLE DATA; Schema: public; Owner: postgres
--

COPY public.django_migrations (id, app, name, applied) FROM stdin;
1	contenttypes	0001_initial	2025-07-08 12:28:46.404961+05:30
2	contenttypes	0002_remove_content_type_name	2025-07-08 12:28:46.427824+05:30
3	auth	0001_initial	2025-07-08 12:28:46.495253+05:30
4	auth	0002_alter_permission_name_max_length	2025-07-08 12:28:46.505158+05:30
5	auth	0003_alter_user_email_max_length	2025-07-08 12:28:46.509308+05:30
6	auth	0004_alter_user_username_opts	2025-07-08 12:28:46.52151+05:30
7	auth	0005_alter_user_last_login_null	2025-07-08 12:28:46.531173+05:30
8	auth	0006_require_contenttypes_0002	2025-07-08 12:28:46.533136+05:30
9	auth	0007_alter_validators_add_error_messages	2025-07-08 12:28:46.540307+05:30
10	auth	0008_alter_user_username_max_length	2025-07-08 12:28:46.549036+05:30
11	auth	0009_alter_user_last_name_max_length	2025-07-08 12:28:46.552683+05:30
12	auth	0010_alter_group_name_max_length	2025-07-08 12:28:46.564628+05:30
13	auth	0011_update_proxy_permissions	2025-07-08 12:28:46.574704+05:30
14	auth	0012_alter_user_first_name_max_length	2025-07-08 12:28:46.578738+05:30
15	quiz_app	0001_initial	2025-07-08 12:28:46.693696+05:30
19	sessions	0001_initial	2025-07-08 12:28:46.771113+05:30
20	sites	0001_initial	2025-07-08 12:28:46.774636+05:30
21	sites	0002_alter_domain_unique	2025-07-08 12:28:46.779425+05:30
22	token_blacklist	0001_initial	2025-07-08 12:28:46.82754+05:30
23	token_blacklist	0002_outstandingtoken_jti_hex	2025-07-08 12:28:46.840195+05:30
24	token_blacklist	0003_auto_20171017_2007	2025-07-08 12:28:46.860893+05:30
25	token_blacklist	0004_auto_20171017_2013	2025-07-08 12:28:46.874667+05:30
26	token_blacklist	0005_remove_outstandingtoken_jti	2025-07-08 12:28:46.886618+05:30
27	token_blacklist	0006_auto_20171017_2113	2025-07-08 12:28:46.894465+05:30
28	token_blacklist	0007_auto_20171017_2214	2025-07-08 12:28:46.936099+05:30
29	token_blacklist	0008_migrate_to_bigautofield	2025-07-08 12:28:46.986149+05:30
30	token_blacklist	0010_fix_migrate_to_bigautofield	2025-07-08 12:28:47.006589+05:30
31	token_blacklist	0011_linearizes_history	2025-07-08 12:28:47.011545+05:30
32	token_blacklist	0012_alter_outstandingtoken_user	2025-07-08 12:28:47.019904+05:30
33	quiz_app	0002_quizattempt_correct_answers_and_more	2025-07-08 13:36:20.012926+05:30
38	quiz_app	0003_submission	2025-07-18 16:20:28.70905+05:30
39	users	0001_initial	2025-08-11 17:22:53.780231+05:30
40	authtoken	0001_initial	2025-08-11 17:24:14.001282+05:30
41	admin	0001_initial	2025-08-11 17:24:48.636457+05:30
42	admin	0002_logentry_remove_auto_add	2025-08-11 17:24:54.812861+05:30
43	admin	0003_logentry_add_action_flag_choices	2025-08-11 17:24:54.82422+05:30
44	authtoken	0002_auto_20160226_1747	2025-08-11 17:24:54.836465+05:30
45	authtoken	0003_tokenproxy	2025-08-11 17:24:54.844718+05:30
46	django_celery_beat	0001_initial	2025-08-11 17:24:54.875687+05:30
47	django_celery_beat	0002_auto_20161118_0346	2025-08-11 17:24:54.896832+05:30
48	django_celery_beat	0003_auto_20161209_0049	2025-08-11 17:24:54.921375+05:30
49	django_celery_beat	0004_auto_20170221_0000	2025-08-11 17:24:54.926029+05:30
50	django_celery_beat	0005_add_solarschedule_events_choices	2025-08-11 17:24:54.92813+05:30
51	django_celery_beat	0006_auto_20180322_0932	2025-08-11 17:24:54.954181+05:30
52	django_celery_beat	0007_auto_20180521_0826	2025-08-11 17:24:54.961082+05:30
53	django_celery_beat	0008_auto_20180914_1922	2025-08-11 17:24:54.980014+05:30
54	django_celery_beat	0006_auto_20180210_1226	2025-08-11 17:24:54.991523+05:30
55	django_celery_beat	0006_periodictask_priority	2025-08-11 17:24:55.000093+05:30
56	django_celery_beat	0009_periodictask_headers	2025-08-11 17:24:55.003977+05:30
57	django_celery_beat	0010_auto_20190429_0326	2025-08-11 17:24:55.119315+05:30
58	django_celery_beat	0011_auto_20190508_0153	2025-08-11 17:24:55.140435+05:30
59	django_celery_beat	0012_periodictask_expire_seconds	2025-08-11 17:24:55.148053+05:30
60	django_celery_beat	0013_auto_20200609_0727	2025-08-11 17:24:55.159867+05:30
61	django_celery_beat	0014_remove_clockedschedule_enabled	2025-08-11 17:24:55.167537+05:30
62	django_celery_beat	0015_edit_solarschedule_events_choices	2025-08-11 17:24:55.175005+05:30
63	django_celery_beat	0016_alter_crontabschedule_timezone	2025-08-11 17:24:55.186146+05:30
64	django_celery_beat	0017_alter_crontabschedule_month_of_year	2025-08-11 17:24:55.191278+05:30
65	django_celery_beat	0018_improve_crontab_helptext	2025-08-11 17:24:55.197216+05:30
66	django_celery_beat	0019_alter_periodictasks_options	2025-08-11 17:24:55.201877+05:30
67	django_celery_results	0001_initial	2025-08-11 17:24:55.212571+05:30
68	django_celery_results	0002_add_task_name_args_kwargs	2025-08-11 17:24:55.220936+05:30
69	django_celery_results	0003_auto_20181106_1101	2025-08-11 17:24:55.223452+05:30
70	django_celery_results	0004_auto_20190516_0412	2025-08-11 17:24:55.243545+05:30
71	django_celery_results	0005_taskresult_worker	2025-08-11 17:24:55.252016+05:30
72	django_celery_results	0006_taskresult_date_created	2025-08-11 17:24:55.273159+05:30
73	django_celery_results	0007_remove_taskresult_hidden	2025-08-11 17:24:55.279727+05:30
74	django_celery_results	0008_chordcounter	2025-08-11 17:24:55.287409+05:30
75	django_celery_results	0009_groupresult	2025-08-11 17:24:55.364028+05:30
76	django_celery_results	0010_remove_duplicate_indices	2025-08-11 17:24:55.370107+05:30
77	django_celery_results	0011_taskresult_periodic_task_name	2025-08-11 17:24:55.374669+05:30
78	quizzes	0001_initial	2025-08-11 17:24:55.423756+05:30
79	quizzes	0002_initial	2025-08-11 17:24:55.472715+05:30
80	quizzes	0003_studentquizquestions	2025-08-11 17:24:55.49665+05:30
81	quizzes	0004_alter_studentquizquestions_unique_together_and_more	2025-08-11 17:38:36.084109+05:30
\.


--
-- Data for Name: django_session; Type: TABLE DATA; Schema: public; Owner: postgres
--

COPY public.django_session (session_key, session_data, expire_date) FROM stdin;
gq8zabh9jwkipoh5g2m5ltpxaslp19qz	.eJxVjEEOwiAQRe_C2hAYhAGX7j0DAWYqVUOT0q6Md7dNutDtf-_9t4hpXWpcO89xJHERWpx-t5zKk9sO6JHafZJlass8Zrkr8qBd3ibi1_Vw_w5q6nWrASgxmuAVB2M1OeYcAiGgtQNbGIiVZn825D2CTxt2BQ2iQw9KK_H5AuBgN2Q:1uZ2NB:PnvuNvYw9ysZQ0y8nR0cNdKYoxc3CVhbUHiZM3KP6nA	2025-07-22 12:34:13.433289+05:30
45qicp2spsdmqrpey194iztnv48ymjy2	.eJxVjEEOwiAQRe_C2hCgAxSX7nsGMsxQqRqalHZlvLtt0oVu33v_v0XEbS1xa3mJE4ur0OLyyxLSM9dD8APrfZY013WZkjwSedomh5nz63a2fwcFW9nXwakxcdIObA8Q0uidZuuRfE89MKjO-WxzBzziDozTXSCrGAwZ1BrE5wvU9jdG:1ulRAm:7_p9Gz8s5_sWfC4ERcSRed9TC2lRwxgUEcTq04bCn54	2025-08-25 17:28:40.786726+05:30
\.


--
-- Data for Name: django_site; Type: TABLE DATA; Schema: public; Owner: postgres
--

COPY public.django_site (id, domain, name) FROM stdin;
1	example.com	example.com
\.


--
-- Data for Name: quiz_app_question; Type: TABLE DATA; Schema: public; Owner: postgres
--

COPY public.quiz_app_question (id, question_text, option1, option2, option3, option4, correct_option) FROM stdin;
1	what is 2+2?	3	4	5	6	2
2	what is the capital of india	hyderabad	bengaluru	delhi	chennai	3
3	What is the capital of India?	Mumbai	Delhi	Chennai	Kolkata	2
4	Which gas do plants absorb from the atmosphere?	Oxygen	Carbon Dioxide	Nitrogen	Hydrogen	2
5	Who is CEO of OpenAI?	Sundar Pichai	Sam Altman	Elon Musk	Satya Nadella	2
\.


--
-- Data for Name: quiz_app_quizattempt; Type: TABLE DATA; Schema: public; Owner: postgres
--

COPY public.quiz_app_quizattempt (id, score, attempted_at, user_id, correct_answers, total_questions) FROM stdin;
1	0	2025-07-09 14:59:41.387663+05:30	1	0	4
2	0	2025-07-09 15:01:12.774725+05:30	1	0	4
3	0	2025-07-09 15:06:53.801993+05:30	1	0	2
4	0	2025-07-09 15:06:55.888813+05:30	1	0	2
5	0	2025-07-09 15:07:05.650944+05:30	1	0	2
6	0	2025-07-11 12:18:04.872595+05:30	1	0	4
7	0	2025-07-11 14:37:16.112863+05:30	1	0	4
8	2	2025-07-11 14:39:20.323998+05:30	1	2	2
\.


--
-- Data for Name: quiz_app_quizresult; Type: TABLE DATA; Schema: public; Owner: postgres
--

COPY public.quiz_app_quizresult (id, score, attempted_at, user_id) FROM stdin;
\.


--
-- Data for Name: quiz_app_submission; Type: TABLE DATA; Schema: public; Owner: postgres
--

COPY public.quiz_app_submission (id, selected_answer, is_correct, question_id, user_id) FROM stdin;
\.


--
-- Data for Name: quiz_app_user; Type: TABLE DATA; Schema: public; Owner: postgres
--

COPY public.quiz_app_user (id, password, last_login, is_superuser, username, first_name, last_name, email, is_staff, is_active, date_joined, is_admin) FROM stdin;
1	pbkdf2_sha256$1000000$Ob0nA2lnqAxHkqsCd2nwbu$B5APGyhF/GEjiuehMnudxDGLS3+sDdc59kclt60S1fc=	2025-07-08 12:34:13.430161+05:30	t	prathyusha			221163@iiitt.ac.in	t	t	2025-07-08 12:30:16.281583+05:30	f
2	pbkdf2_sha256$1000000$RH4UDb9V5fTuZSqm3twWqn$SAhzOFZRDWKmq/ALeApBQam2zKl+mdPfSIDp+S8yeGE=	\N	f	user1			user1@example.com	f	t	2025-07-08 16:40:06.343967+05:30	f
3	pbkdf2_sha256$1000000$vSYVD6CN4FOfJEZRAt8zBF$v9o0W8CEpoOFnpcbiPNUtb/NmX2z4FeJoLIZsc8JuCM=	\N	f	user2			user2@example.com	f	t	2025-07-09 10:20:15.653793+05:30	f
4	pbkdf2_sha256$1000000$GVr9maySpIUX4B6kdDV8PH$/DIOSJTWoQmpQBLxGZulFFhqe9wRD/lP5/RwNCAHBwU=	\N	f	user3			user3@example.com	f	t	2025-07-09 10:42:35.070377+05:30	f
\.


--
-- Data for Name: quiz_app_user_groups; Type: TABLE DATA; Schema: public; Owner: postgres
--

COPY public.quiz_app_user_groups (id, user_id, group_id) FROM stdin;
\.


--
-- Data for Name: quiz_app_user_user_permissions; Type: TABLE DATA; Schema: public; Owner: postgres
--

COPY public.quiz_app_user_user_permissions (id, user_id, permission_id) FROM stdin;
\.


--
-- Data for Name: quiz_app_useranswer; Type: TABLE DATA; Schema: public; Owner: postgres
--

COPY public.quiz_app_useranswer (id, selected_option, attempt_id, question_id, is_correct) FROM stdin;
1	2	8	1	t
2	3	8	2	t
\.


--
-- Data for Name: quizzes_choice; Type: TABLE DATA; Schema: public; Owner: quiz_user
--

COPY public.quizzes_choice (id, choice_text, is_correct, question_id) FROM stdin;
1	Tuple	f	2
2	List	t	2
3	String	f	2
4	Integer	f	2
5	True	t	3
6	False	f	3
7	5	f	6
8	6	t	6
9	7	f	6
10	Error	f	6
11	django-admin startproject	t	9
12	python manage.py startproject	f	9
13	django startproject	f	9
14	startproject django-admin	f	9
15	CharField	f	10
16	AutoField	t	10
17	UUIDField	f	10
18	IntegerField	f	10
19	EmailField	f	11
20	SlugField	f	11
21	JsonField	f	11
22	XmlField	t	11
23	True	t	12
24	False	f	12
\.


--
-- Data for Name: quizzes_question; Type: TABLE DATA; Schema: public; Owner: quiz_user
--

COPY public.quizzes_question (id, question_text, question_type, points, quiz_id) FROM stdin;
1	What keyword is used to define a function in Python?	text	2	1
2	Which of the following is a mutable data type in Python?	mcq	1	1
3	In Python, variables do not need to be declared before use.	tf	1	1
4	Write a Python function add_numbers(a, b) that returns the sum of two numbers.	code	5	1
5	What keyword is used to define a function in Python?	text	2	1
6	What is the output of len("Python")?	mcq	1	1
7	What is the default database used in Django for development?	text	2	2
8	Which file is responsible for URL routing in a Django application?	text	2	2
9	Which command is used to create a new Django project?	mcq	1	2
10	What is the default primary key field type in Django models?	mcq	1	2
11	Which of the following is NOT a valid Django field type?	mcq	1	2
12	Django follows the Model-View-Controller (MVC) pattern.	tf	1	2
13	Write a Django view that returns the text "Hello, Django!" as an HTTP response.	code	4	2
\.


--
-- Data for Name: quizzes_quiz; Type: TABLE DATA; Schema: public; Owner: quiz_user
--

COPY public.quizzes_quiz (id, title, description, start_time, end_time, duration_minutes, is_active) FROM stdin;
1	Python Basics	Covers fundamental Python concepts including variables, data types, loops, and conditionals.	2025-08-12 17:20:00+05:30	2025-12-12 21:30:00+05:30	30	t
2	Django Fundamentals	Test your knowledge of Django models, views, templates, and URL routing.	2025-08-12 17:20:00+05:30	2025-12-12 21:30:00+05:30	30	t
3	HTML & CSS Basics	A beginner-friendly quiz covering HTML structure, CSS selectors, and styling principles.	2025-08-12 17:20:00+05:30	2025-12-12 21:30:00+05:30	30	t
\.


--
-- Data for Name: quizzes_studentquiz; Type: TABLE DATA; Schema: public; Owner: quiz_user
--

COPY public.quizzes_studentquiz (id, started_at, completed_at, total_score, quiz_id, student_id) FROM stdin;
1	2025-08-11 17:51:56.606332+05:30	\N	0	1	1
2	2025-08-11 17:56:29.417752+05:30	\N	0	1	1
3	2025-08-11 17:59:26.646757+05:30	\N	0	2	1
4	2025-08-11 18:32:43.782292+05:30	\N	0	1	1
5	2025-08-11 18:32:50.283717+05:30	\N	0	1	1
6	2025-08-11 19:14:53.223923+05:30	2025-08-11 19:15:13.625012+05:30	0	1	1
7	2025-08-11 19:15:42.392933+05:30	2025-08-11 19:19:22.665312+05:30	0	1	1
8	2025-08-11 19:19:51.044306+05:30	\N	0	1	1
\.


--
-- Data for Name: quizzes_studentquizquestions; Type: TABLE DATA; Schema: public; Owner: quiz_user
--

COPY public.quizzes_studentquizquestions (id, question_id, student_quiz_id) FROM stdin;
1	6	1
2	1	1
3	5	1
4	4	1
5	2	1
6	3	1
7	2	2
8	5	2
9	6	2
10	1	2
11	4	2
12	3	2
13	10	3
14	12	3
15	8	3
16	9	3
17	11	3
18	7	3
19	13	3
20	2	4
21	1	4
22	6	4
23	3	4
24	4	4
25	5	4
26	3	5
27	4	5
28	1	5
29	2	5
30	6	5
31	5	5
32	3	6
33	5	6
34	1	6
35	2	6
36	6	6
37	4	6
38	4	7
39	1	7
40	3	7
41	2	7
42	6	7
43	5	7
44	3	8
45	2	8
46	1	8
47	4	8
48	5	8
49	6	8
\.


--
-- Data for Name: quizzes_submission; Type: TABLE DATA; Schema: public; Owner: quiz_user
--

COPY public.quizzes_submission (id, answer_text, submitted_at, is_correct, question_id, quiz_id, user_id, score_awarded) FROM stdin;
1	print	2025-08-11 17:57:04.846701+05:30	f	1	1	1	0
2	print	2025-08-11 17:57:12.133065+05:30	f	1	1	1	0
3	print	2025-08-11 17:57:17.700636+05:30	f	1	1	1	0
4	print	2025-08-11 17:57:20.719818+05:30	f	1	1	1	0
5	print	2025-08-11 17:59:19.092126+05:30	f	1	1	1	0
6	True	2025-08-11 19:15:13.316126+05:30	f	3	1	1	0
7	kdmff	2025-08-11 19:15:13.543581+05:30	f	5	1	1	0
8	jfjf	2025-08-11 19:15:13.551922+05:30	f	1	1	1	0
9	List	2025-08-11 19:15:13.562245+05:30	f	2	1	1	0
10	7	2025-08-11 19:15:13.586339+05:30	f	6	1	1	0
11	cmkdj	2025-08-11 19:15:13.596882+05:30	f	4	1	1	0
12	jdfmd\r\n\r\n\r\ndv	2025-08-11 19:19:22.560285+05:30	f	4	1	1	0
13	fvs	2025-08-11 19:19:22.595222+05:30	f	1	1	1	0
14	True	2025-08-11 19:19:22.619606+05:30	f	3	1	1	0
15	List	2025-08-11 19:19:22.629522+05:30	f	2	1	1	0
16	5	2025-08-11 19:19:22.642111+05:30	f	6	1	1	0
17	vfv	2025-08-11 19:19:22.653662+05:30	f	5	1	1	0
\.


--
-- Data for Name: quizzes_testcase; Type: TABLE DATA; Schema: public; Owner: quiz_user
--

COPY public.quizzes_testcase (id, input_data, expected_output, question_id) FROM stdin;
1	1,2	3	4
2	Request to /	Hello, Django!	13
\.


--
-- Data for Name: token_blacklist_blacklistedtoken; Type: TABLE DATA; Schema: public; Owner: postgres
--

COPY public.token_blacklist_blacklistedtoken (id, blacklisted_at, token_id) FROM stdin;
\.


--
-- Data for Name: token_blacklist_outstandingtoken; Type: TABLE DATA; Schema: public; Owner: postgres
--

COPY public.token_blacklist_outstandingtoken (id, token, created_at, expires_at, user_id, jti) FROM stdin;
1	eyJhbGciOiJIUzI1NiIsInR5cCI6IkpXVCJ9.eyJ0b2tlbl90eXBlIjoicmVmcmVzaCIsImV4cCI6MTc1MjA1OTQwNiwiaWF0IjoxNzUxOTczMDA2LCJqdGkiOiI1YTliNTRjY2QxMzk0Mzg0OTY5NjgwOTdhOGJhNDk5ZiIsInVzZXJfaWQiOjJ9.5Hyh-wPC0m7h4FQj06eZIgI4Nc0aA_f0Rxk6fhbHNPg	2025-07-08 16:40:06.647292+05:30	2025-07-09 16:40:06+05:30	2	5a9b54ccd139438496968097a8ba499f
2	eyJhbGciOiJIUzI1NiIsInR5cCI6IkpXVCJ9.eyJ0b2tlbl90eXBlIjoicmVmcmVzaCIsImV4cCI6MTc1MjEyMzAxNiwiaWF0IjoxNzUyMDM2NjE2LCJqdGkiOiJkNjdiODAzZDhkMDQ0ZTczYWVlZTBkYzg3YmJhYWI0NyIsInVzZXJfaWQiOjN9.X9JkLWS8aXpbgINl5jCy605FEmeoA_B0AKnV54whiRM	2025-07-09 10:20:16.064759+05:30	2025-07-10 10:20:16+05:30	3	d67b803d8d044e73aeee0dc87bbaab47
3	eyJhbGciOiJIUzI1NiIsInR5cCI6IkpXVCJ9.eyJ0b2tlbl90eXBlIjoicmVmcmVzaCIsImV4cCI6MTc1MjEyNDM1NSwiaWF0IjoxNzUyMDM3OTU1LCJqdGkiOiI3OTc5OWRjNjZmNjI0ZWEyYmM0MDJjOTU4NWZiNWQ4NyIsInVzZXJfaWQiOjR9.7mgt9yhSWQbb22K6bVlRFlIJ5wySUMViLQhMwFgi_0Y	2025-07-09 10:42:35.449988+05:30	2025-07-10 10:42:35+05:30	4	79799dc66f624ea2bc402c9585fb5d87
\.


--
-- Data for Name: users; Type: TABLE DATA; Schema: public; Owner: postgres
--

COPY public.users (id, name, email) FROM stdin;
1	Alice	alice@example.com
2	Bob	bob@example.com
\.


--
-- Data for Name: users_user; Type: TABLE DATA; Schema: public; Owner: quiz_user
--

COPY public.users_user (id, password, last_login, is_superuser, username, first_name, last_name, email, is_staff, is_active, date_joined) FROM stdin;
1	pbkdf2_sha256$600000$WsNJK9bH6FyKrMTYa0sGma$zxeGzhYIUR/PzUL2Buv4galnBsz60VGiCQmiMsnnS3Y=	2025-08-11 17:28:40.783308+05:30	t	prathyusha			varsaprathyusha@gmail.com	t	t	2025-08-11 17:27:16.608518+05:30
\.


--
-- Data for Name: users_user_groups; Type: TABLE DATA; Schema: public; Owner: quiz_user
--

COPY public.users_user_groups (id, user_id, group_id) FROM stdin;
\.


--
-- Data for Name: users_user_user_permissions; Type: TABLE DATA; Schema: public; Owner: quiz_user
--

COPY public.users_user_user_permissions (id, user_id, permission_id) FROM stdin;
\.


--
-- Name: auth_group_id_seq; Type: SEQUENCE SET; Schema: public; Owner: postgres
--

SELECT pg_catalog.setval('public.auth_group_id_seq', 1, false);


--
-- Name: auth_group_permissions_id_seq; Type: SEQUENCE SET; Schema: public; Owner: postgres
--

SELECT pg_catalog.setval('public.auth_group_permissions_id_seq', 1, false);


--
-- Name: auth_permission_id_seq; Type: SEQUENCE SET; Schema: public; Owner: postgres
--

SELECT pg_catalog.setval('public.auth_permission_id_seq', 132, true);


--
-- Name: django_admin_log_id_seq; Type: SEQUENCE SET; Schema: public; Owner: postgres
--

SELECT pg_catalog.setval('public.django_admin_log_id_seq', 18, true);


--
-- Name: django_celery_beat_clockedschedule_id_seq; Type: SEQUENCE SET; Schema: public; Owner: quiz_user
--

SELECT pg_catalog.setval('public.django_celery_beat_clockedschedule_id_seq', 1, false);


--
-- Name: django_celery_beat_crontabschedule_id_seq; Type: SEQUENCE SET; Schema: public; Owner: quiz_user
--

SELECT pg_catalog.setval('public.django_celery_beat_crontabschedule_id_seq', 1, false);


--
-- Name: django_celery_beat_intervalschedule_id_seq; Type: SEQUENCE SET; Schema: public; Owner: quiz_user
--

SELECT pg_catalog.setval('public.django_celery_beat_intervalschedule_id_seq', 1, false);


--
-- Name: django_celery_beat_periodictask_id_seq; Type: SEQUENCE SET; Schema: public; Owner: quiz_user
--

SELECT pg_catalog.setval('public.django_celery_beat_periodictask_id_seq', 1, false);


--
-- Name: django_celery_beat_solarschedule_id_seq; Type: SEQUENCE SET; Schema: public; Owner: quiz_user
--

SELECT pg_catalog.setval('public.django_celery_beat_solarschedule_id_seq', 1, false);


--
-- Name: django_celery_results_chordcounter_id_seq; Type: SEQUENCE SET; Schema: public; Owner: quiz_user
--

SELECT pg_catalog.setval('public.django_celery_results_chordcounter_id_seq', 1, false);


--
-- Name: django_celery_results_groupresult_id_seq; Type: SEQUENCE SET; Schema: public; Owner: quiz_user
--

SELECT pg_catalog.setval('public.django_celery_results_groupresult_id_seq', 1, false);


--
-- Name: django_celery_results_taskresult_id_seq; Type: SEQUENCE SET; Schema: public; Owner: quiz_user
--

SELECT pg_catalog.setval('public.django_celery_results_taskresult_id_seq', 1, false);


--
-- Name: django_content_type_id_seq; Type: SEQUENCE SET; Schema: public; Owner: postgres
--

SELECT pg_catalog.setval('public.django_content_type_id_seq', 33, true);


--
-- Name: django_migrations_id_seq; Type: SEQUENCE SET; Schema: public; Owner: postgres
--

SELECT pg_catalog.setval('public.django_migrations_id_seq', 81, true);


--
-- Name: django_site_id_seq; Type: SEQUENCE SET; Schema: public; Owner: postgres
--

SELECT pg_catalog.setval('public.django_site_id_seq', 1, true);


--
-- Name: quiz_app_question_id_seq; Type: SEQUENCE SET; Schema: public; Owner: postgres
--

SELECT pg_catalog.setval('public.quiz_app_question_id_seq', 5, true);


--
-- Name: quiz_app_quizattempt_id_seq; Type: SEQUENCE SET; Schema: public; Owner: postgres
--

SELECT pg_catalog.setval('public.quiz_app_quizattempt_id_seq', 8, true);


--
-- Name: quiz_app_quizresult_id_seq; Type: SEQUENCE SET; Schema: public; Owner: postgres
--

SELECT pg_catalog.setval('public.quiz_app_quizresult_id_seq', 1, false);


--
-- Name: quiz_app_submission_id_seq; Type: SEQUENCE SET; Schema: public; Owner: postgres
--

SELECT pg_catalog.setval('public.quiz_app_submission_id_seq', 1, false);


--
-- Name: quiz_app_user_groups_id_seq; Type: SEQUENCE SET; Schema: public; Owner: postgres
--

SELECT pg_catalog.setval('public.quiz_app_user_groups_id_seq', 1, false);


--
-- Name: quiz_app_user_id_seq; Type: SEQUENCE SET; Schema: public; Owner: postgres
--

SELECT pg_catalog.setval('public.quiz_app_user_id_seq', 4, true);


--
-- Name: quiz_app_user_user_permissions_id_seq; Type: SEQUENCE SET; Schema: public; Owner: postgres
--

SELECT pg_catalog.setval('public.quiz_app_user_user_permissions_id_seq', 1, false);


--
-- Name: quiz_app_useranswer_id_seq; Type: SEQUENCE SET; Schema: public; Owner: postgres
--

SELECT pg_catalog.setval('public.quiz_app_useranswer_id_seq', 2, true);


--
-- Name: quizzes_choice_id_seq; Type: SEQUENCE SET; Schema: public; Owner: quiz_user
--

SELECT pg_catalog.setval('public.quizzes_choice_id_seq', 24, true);


--
-- Name: quizzes_question_id_seq; Type: SEQUENCE SET; Schema: public; Owner: quiz_user
--

SELECT pg_catalog.setval('public.quizzes_question_id_seq', 13, true);


--
-- Name: quizzes_quiz_id_seq; Type: SEQUENCE SET; Schema: public; Owner: quiz_user
--

SELECT pg_catalog.setval('public.quizzes_quiz_id_seq', 3, true);


--
-- Name: quizzes_studentquiz_id_seq; Type: SEQUENCE SET; Schema: public; Owner: quiz_user
--

SELECT pg_catalog.setval('public.quizzes_studentquiz_id_seq', 8, true);


--
-- Name: quizzes_studentquizquestions_id_seq; Type: SEQUENCE SET; Schema: public; Owner: quiz_user
--

SELECT pg_catalog.setval('public.quizzes_studentquizquestions_id_seq', 49, true);


--
-- Name: quizzes_submission_id_seq; Type: SEQUENCE SET; Schema: public; Owner: quiz_user
--

SELECT pg_catalog.setval('public.quizzes_submission_id_seq', 17, true);


--
-- Name: quizzes_testcase_id_seq; Type: SEQUENCE SET; Schema: public; Owner: quiz_user
--

SELECT pg_catalog.setval('public.quizzes_testcase_id_seq', 2, true);


--
-- Name: token_blacklist_blacklistedtoken_id_seq; Type: SEQUENCE SET; Schema: public; Owner: postgres
--

SELECT pg_catalog.setval('public.token_blacklist_blacklistedtoken_id_seq', 1, false);


--
-- Name: token_blacklist_outstandingtoken_id_seq; Type: SEQUENCE SET; Schema: public; Owner: postgres
--

SELECT pg_catalog.setval('public.token_blacklist_outstandingtoken_id_seq', 3, true);


--
-- Name: users_id_seq; Type: SEQUENCE SET; Schema: public; Owner: postgres
--

SELECT pg_catalog.setval('public.users_id_seq', 2, true);


--
-- Name: users_user_groups_id_seq; Type: SEQUENCE SET; Schema: public; Owner: quiz_user
--

SELECT pg_catalog.setval('public.users_user_groups_id_seq', 1, false);


--
-- Name: users_user_id_seq; Type: SEQUENCE SET; Schema: public; Owner: quiz_user
--

SELECT pg_catalog.setval('public.users_user_id_seq', 1, true);


--
-- Name: users_user_user_permissions_id_seq; Type: SEQUENCE SET; Schema: public; Owner: quiz_user
--

SELECT pg_catalog.setval('public.users_user_user_permissions_id_seq', 1, false);


--
-- Name: auth_group auth_group_name_key; Type: CONSTRAINT; Schema: public; Owner: postgres
--

ALTER TABLE ONLY public.auth_group
    ADD CONSTRAINT auth_group_name_key UNIQUE (name);


--
-- Name: auth_group_permissions auth_group_permissions_group_id_permission_id_0cd325b0_uniq; Type: CONSTRAINT; Schema: public; Owner: postgres
--

ALTER TABLE ONLY public.auth_group_permissions
    ADD CONSTRAINT auth_group_permissions_group_id_permission_id_0cd325b0_uniq UNIQUE (group_id, permission_id);


--
-- Name: auth_group_permissions auth_group_permissions_pkey; Type: CONSTRAINT; Schema: public; Owner: postgres
--

ALTER TABLE ONLY public.auth_group_permissions
    ADD CONSTRAINT auth_group_permissions_pkey PRIMARY KEY (id);


--
-- Name: auth_group auth_group_pkey; Type: CONSTRAINT; Schema: public; Owner: postgres
--

ALTER TABLE ONLY public.auth_group
    ADD CONSTRAINT auth_group_pkey PRIMARY KEY (id);


--
-- Name: auth_permission auth_permission_content_type_id_codename_01ab375a_uniq; Type: CONSTRAINT; Schema: public; Owner: postgres
--

ALTER TABLE ONLY public.auth_permission
    ADD CONSTRAINT auth_permission_content_type_id_codename_01ab375a_uniq UNIQUE (content_type_id, codename);


--
-- Name: auth_permission auth_permission_pkey; Type: CONSTRAINT; Schema: public; Owner: postgres
--

ALTER TABLE ONLY public.auth_permission
    ADD CONSTRAINT auth_permission_pkey PRIMARY KEY (id);


--
-- Name: authtoken_token authtoken_token_pkey; Type: CONSTRAINT; Schema: public; Owner: postgres
--

ALTER TABLE ONLY public.authtoken_token
    ADD CONSTRAINT authtoken_token_pkey PRIMARY KEY (key);


--
-- Name: authtoken_token authtoken_token_user_id_key; Type: CONSTRAINT; Schema: public; Owner: postgres
--

ALTER TABLE ONLY public.authtoken_token
    ADD CONSTRAINT authtoken_token_user_id_key UNIQUE (user_id);


--
-- Name: django_admin_log django_admin_log_pkey; Type: CONSTRAINT; Schema: public; Owner: postgres
--

ALTER TABLE ONLY public.django_admin_log
    ADD CONSTRAINT django_admin_log_pkey PRIMARY KEY (id);


--
-- Name: django_celery_beat_clockedschedule django_celery_beat_clockedschedule_pkey; Type: CONSTRAINT; Schema: public; Owner: quiz_user
--

ALTER TABLE ONLY public.django_celery_beat_clockedschedule
    ADD CONSTRAINT django_celery_beat_clockedschedule_pkey PRIMARY KEY (id);


--
-- Name: django_celery_beat_crontabschedule django_celery_beat_crontabschedule_pkey; Type: CONSTRAINT; Schema: public; Owner: quiz_user
--

ALTER TABLE ONLY public.django_celery_beat_crontabschedule
    ADD CONSTRAINT django_celery_beat_crontabschedule_pkey PRIMARY KEY (id);


--
-- Name: django_celery_beat_intervalschedule django_celery_beat_intervalschedule_pkey; Type: CONSTRAINT; Schema: public; Owner: quiz_user
--

ALTER TABLE ONLY public.django_celery_beat_intervalschedule
    ADD CONSTRAINT django_celery_beat_intervalschedule_pkey PRIMARY KEY (id);


--
-- Name: django_celery_beat_periodictask django_celery_beat_periodictask_name_key; Type: CONSTRAINT; Schema: public; Owner: quiz_user
--

ALTER TABLE ONLY public.django_celery_beat_periodictask
    ADD CONSTRAINT django_celery_beat_periodictask_name_key UNIQUE (name);


--
-- Name: django_celery_beat_periodictask django_celery_beat_periodictask_pkey; Type: CONSTRAINT; Schema: public; Owner: quiz_user
--

ALTER TABLE ONLY public.django_celery_beat_periodictask
    ADD CONSTRAINT django_celery_beat_periodictask_pkey PRIMARY KEY (id);


--
-- Name: django_celery_beat_periodictasks django_celery_beat_periodictasks_pkey; Type: CONSTRAINT; Schema: public; Owner: quiz_user
--

ALTER TABLE ONLY public.django_celery_beat_periodictasks
    ADD CONSTRAINT django_celery_beat_periodictasks_pkey PRIMARY KEY (ident);


--
-- Name: django_celery_beat_solarschedule django_celery_beat_solar_event_latitude_longitude_ba64999a_uniq; Type: CONSTRAINT; Schema: public; Owner: quiz_user
--

ALTER TABLE ONLY public.django_celery_beat_solarschedule
    ADD CONSTRAINT django_celery_beat_solar_event_latitude_longitude_ba64999a_uniq UNIQUE (event, latitude, longitude);


--
-- Name: django_celery_beat_solarschedule django_celery_beat_solarschedule_pkey; Type: CONSTRAINT; Schema: public; Owner: quiz_user
--

ALTER TABLE ONLY public.django_celery_beat_solarschedule
    ADD CONSTRAINT django_celery_beat_solarschedule_pkey PRIMARY KEY (id);


--
-- Name: django_celery_results_chordcounter django_celery_results_chordcounter_group_id_key; Type: CONSTRAINT; Schema: public; Owner: quiz_user
--

ALTER TABLE ONLY public.django_celery_results_chordcounter
    ADD CONSTRAINT django_celery_results_chordcounter_group_id_key UNIQUE (group_id);


--
-- Name: django_celery_results_chordcounter django_celery_results_chordcounter_pkey; Type: CONSTRAINT; Schema: public; Owner: quiz_user
--

ALTER TABLE ONLY public.django_celery_results_chordcounter
    ADD CONSTRAINT django_celery_results_chordcounter_pkey PRIMARY KEY (id);


--
-- Name: django_celery_results_groupresult django_celery_results_groupresult_group_id_key; Type: CONSTRAINT; Schema: public; Owner: quiz_user
--

ALTER TABLE ONLY public.django_celery_results_groupresult
    ADD CONSTRAINT django_celery_results_groupresult_group_id_key UNIQUE (group_id);


--
-- Name: django_celery_results_groupresult django_celery_results_groupresult_pkey; Type: CONSTRAINT; Schema: public; Owner: quiz_user
--

ALTER TABLE ONLY public.django_celery_results_groupresult
    ADD CONSTRAINT django_celery_results_groupresult_pkey PRIMARY KEY (id);


--
-- Name: django_celery_results_taskresult django_celery_results_taskresult_pkey; Type: CONSTRAINT; Schema: public; Owner: quiz_user
--

ALTER TABLE ONLY public.django_celery_results_taskresult
    ADD CONSTRAINT django_celery_results_taskresult_pkey PRIMARY KEY (id);


--
-- Name: django_celery_results_taskresult django_celery_results_taskresult_task_id_key; Type: CONSTRAINT; Schema: public; Owner: quiz_user
--

ALTER TABLE ONLY public.django_celery_results_taskresult
    ADD CONSTRAINT django_celery_results_taskresult_task_id_key UNIQUE (task_id);


--
-- Name: django_content_type django_content_type_app_label_model_76bd3d3b_uniq; Type: CONSTRAINT; Schema: public; Owner: postgres
--

ALTER TABLE ONLY public.django_content_type
    ADD CONSTRAINT django_content_type_app_label_model_76bd3d3b_uniq UNIQUE (app_label, model);


--
-- Name: django_content_type django_content_type_pkey; Type: CONSTRAINT; Schema: public; Owner: postgres
--

ALTER TABLE ONLY public.django_content_type
    ADD CONSTRAINT django_content_type_pkey PRIMARY KEY (id);


--
-- Name: django_migrations django_migrations_pkey; Type: CONSTRAINT; Schema: public; Owner: postgres
--

ALTER TABLE ONLY public.django_migrations
    ADD CONSTRAINT django_migrations_pkey PRIMARY KEY (id);


--
-- Name: django_session django_session_pkey; Type: CONSTRAINT; Schema: public; Owner: postgres
--

ALTER TABLE ONLY public.django_session
    ADD CONSTRAINT django_session_pkey PRIMARY KEY (session_key);


--
-- Name: django_site django_site_domain_a2e37b91_uniq; Type: CONSTRAINT; Schema: public; Owner: postgres
--

ALTER TABLE ONLY public.django_site
    ADD CONSTRAINT django_site_domain_a2e37b91_uniq UNIQUE (domain);


--
-- Name: django_site django_site_pkey; Type: CONSTRAINT; Schema: public; Owner: postgres
--

ALTER TABLE ONLY public.django_site
    ADD CONSTRAINT django_site_pkey PRIMARY KEY (id);


--
-- Name: quiz_app_question quiz_app_question_pkey; Type: CONSTRAINT; Schema: public; Owner: postgres
--

ALTER TABLE ONLY public.quiz_app_question
    ADD CONSTRAINT quiz_app_question_pkey PRIMARY KEY (id);


--
-- Name: quiz_app_quizattempt quiz_app_quizattempt_pkey; Type: CONSTRAINT; Schema: public; Owner: postgres
--

ALTER TABLE ONLY public.quiz_app_quizattempt
    ADD CONSTRAINT quiz_app_quizattempt_pkey PRIMARY KEY (id);


--
-- Name: quiz_app_quizresult quiz_app_quizresult_pkey; Type: CONSTRAINT; Schema: public; Owner: postgres
--

ALTER TABLE ONLY public.quiz_app_quizresult
    ADD CONSTRAINT quiz_app_quizresult_pkey PRIMARY KEY (id);


--
-- Name: quiz_app_submission quiz_app_submission_pkey; Type: CONSTRAINT; Schema: public; Owner: postgres
--

ALTER TABLE ONLY public.quiz_app_submission
    ADD CONSTRAINT quiz_app_submission_pkey PRIMARY KEY (id);


--
-- Name: quiz_app_user_groups quiz_app_user_groups_pkey; Type: CONSTRAINT; Schema: public; Owner: postgres
--

ALTER TABLE ONLY public.quiz_app_user_groups
    ADD CONSTRAINT quiz_app_user_groups_pkey PRIMARY KEY (id);


--
-- Name: quiz_app_user_groups quiz_app_user_groups_user_id_group_id_7c2bf81d_uniq; Type: CONSTRAINT; Schema: public; Owner: postgres
--

ALTER TABLE ONLY public.quiz_app_user_groups
    ADD CONSTRAINT quiz_app_user_groups_user_id_group_id_7c2bf81d_uniq UNIQUE (user_id, group_id);


--
-- Name: quiz_app_user quiz_app_user_pkey; Type: CONSTRAINT; Schema: public; Owner: postgres
--

ALTER TABLE ONLY public.quiz_app_user
    ADD CONSTRAINT quiz_app_user_pkey PRIMARY KEY (id);


--
-- Name: quiz_app_user_user_permissions quiz_app_user_user_permi_user_id_permission_id_efdd544f_uniq; Type: CONSTRAINT; Schema: public; Owner: postgres
--

ALTER TABLE ONLY public.quiz_app_user_user_permissions
    ADD CONSTRAINT quiz_app_user_user_permi_user_id_permission_id_efdd544f_uniq UNIQUE (user_id, permission_id);


--
-- Name: quiz_app_user_user_permissions quiz_app_user_user_permissions_pkey; Type: CONSTRAINT; Schema: public; Owner: postgres
--

ALTER TABLE ONLY public.quiz_app_user_user_permissions
    ADD CONSTRAINT quiz_app_user_user_permissions_pkey PRIMARY KEY (id);


--
-- Name: quiz_app_user quiz_app_user_username_key; Type: CONSTRAINT; Schema: public; Owner: postgres
--

ALTER TABLE ONLY public.quiz_app_user
    ADD CONSTRAINT quiz_app_user_username_key UNIQUE (username);


--
-- Name: quiz_app_useranswer quiz_app_useranswer_pkey; Type: CONSTRAINT; Schema: public; Owner: postgres
--

ALTER TABLE ONLY public.quiz_app_useranswer
    ADD CONSTRAINT quiz_app_useranswer_pkey PRIMARY KEY (id);


--
-- Name: quizzes_choice quizzes_choice_pkey; Type: CONSTRAINT; Schema: public; Owner: quiz_user
--

ALTER TABLE ONLY public.quizzes_choice
    ADD CONSTRAINT quizzes_choice_pkey PRIMARY KEY (id);


--
-- Name: quizzes_question quizzes_question_pkey; Type: CONSTRAINT; Schema: public; Owner: quiz_user
--

ALTER TABLE ONLY public.quizzes_question
    ADD CONSTRAINT quizzes_question_pkey PRIMARY KEY (id);


--
-- Name: quizzes_quiz quizzes_quiz_pkey; Type: CONSTRAINT; Schema: public; Owner: quiz_user
--

ALTER TABLE ONLY public.quizzes_quiz
    ADD CONSTRAINT quizzes_quiz_pkey PRIMARY KEY (id);


--
-- Name: quizzes_studentquiz quizzes_studentquiz_pkey; Type: CONSTRAINT; Schema: public; Owner: quiz_user
--

ALTER TABLE ONLY public.quizzes_studentquiz
    ADD CONSTRAINT quizzes_studentquiz_pkey PRIMARY KEY (id);


--
-- Name: quizzes_studentquizquestions quizzes_studentquizquestions_pkey; Type: CONSTRAINT; Schema: public; Owner: quiz_user
--

ALTER TABLE ONLY public.quizzes_studentquizquestions
    ADD CONSTRAINT quizzes_studentquizquestions_pkey PRIMARY KEY (id);


--
-- Name: quizzes_submission quizzes_submission_pkey; Type: CONSTRAINT; Schema: public; Owner: quiz_user
--

ALTER TABLE ONLY public.quizzes_submission
    ADD CONSTRAINT quizzes_submission_pkey PRIMARY KEY (id);


--
-- Name: quizzes_testcase quizzes_testcase_pkey; Type: CONSTRAINT; Schema: public; Owner: quiz_user
--

ALTER TABLE ONLY public.quizzes_testcase
    ADD CONSTRAINT quizzes_testcase_pkey PRIMARY KEY (id);


--
-- Name: token_blacklist_blacklistedtoken token_blacklist_blacklistedtoken_pkey; Type: CONSTRAINT; Schema: public; Owner: postgres
--

ALTER TABLE ONLY public.token_blacklist_blacklistedtoken
    ADD CONSTRAINT token_blacklist_blacklistedtoken_pkey PRIMARY KEY (id);


--
-- Name: token_blacklist_blacklistedtoken token_blacklist_blacklistedtoken_token_id_key; Type: CONSTRAINT; Schema: public; Owner: postgres
--

ALTER TABLE ONLY public.token_blacklist_blacklistedtoken
    ADD CONSTRAINT token_blacklist_blacklistedtoken_token_id_key UNIQUE (token_id);


--
-- Name: token_blacklist_outstandingtoken token_blacklist_outstandingtoken_jti_hex_d9bdf6f7_uniq; Type: CONSTRAINT; Schema: public; Owner: postgres
--

ALTER TABLE ONLY public.token_blacklist_outstandingtoken
    ADD CONSTRAINT token_blacklist_outstandingtoken_jti_hex_d9bdf6f7_uniq UNIQUE (jti);


--
-- Name: token_blacklist_outstandingtoken token_blacklist_outstandingtoken_pkey; Type: CONSTRAINT; Schema: public; Owner: postgres
--

ALTER TABLE ONLY public.token_blacklist_outstandingtoken
    ADD CONSTRAINT token_blacklist_outstandingtoken_pkey PRIMARY KEY (id);


--
-- Name: users users_pkey; Type: CONSTRAINT; Schema: public; Owner: postgres
--

ALTER TABLE ONLY public.users
    ADD CONSTRAINT users_pkey PRIMARY KEY (id);


--
-- Name: users_user_groups users_user_groups_pkey; Type: CONSTRAINT; Schema: public; Owner: quiz_user
--

ALTER TABLE ONLY public.users_user_groups
    ADD CONSTRAINT users_user_groups_pkey PRIMARY KEY (id);


--
-- Name: users_user_groups users_user_groups_user_id_group_id_b88eab82_uniq; Type: CONSTRAINT; Schema: public; Owner: quiz_user
--

ALTER TABLE ONLY public.users_user_groups
    ADD CONSTRAINT users_user_groups_user_id_group_id_b88eab82_uniq UNIQUE (user_id, group_id);


--
-- Name: users_user users_user_pkey; Type: CONSTRAINT; Schema: public; Owner: quiz_user
--

ALTER TABLE ONLY public.users_user
    ADD CONSTRAINT users_user_pkey PRIMARY KEY (id);


--
-- Name: users_user_user_permissions users_user_user_permissions_pkey; Type: CONSTRAINT; Schema: public; Owner: quiz_user
--

ALTER TABLE ONLY public.users_user_user_permissions
    ADD CONSTRAINT users_user_user_permissions_pkey PRIMARY KEY (id);


--
-- Name: users_user_user_permissions users_user_user_permissions_user_id_permission_id_43338c45_uniq; Type: CONSTRAINT; Schema: public; Owner: quiz_user
--

ALTER TABLE ONLY public.users_user_user_permissions
    ADD CONSTRAINT users_user_user_permissions_user_id_permission_id_43338c45_uniq UNIQUE (user_id, permission_id);


--
-- Name: users_user users_user_username_key; Type: CONSTRAINT; Schema: public; Owner: quiz_user
--

ALTER TABLE ONLY public.users_user
    ADD CONSTRAINT users_user_username_key UNIQUE (username);


--
-- Name: auth_group_name_a6ea08ec_like; Type: INDEX; Schema: public; Owner: postgres
--

CREATE INDEX auth_group_name_a6ea08ec_like ON public.auth_group USING btree (name varchar_pattern_ops);


--
-- Name: auth_group_permissions_group_id_b120cbf9; Type: INDEX; Schema: public; Owner: postgres
--

CREATE INDEX auth_group_permissions_group_id_b120cbf9 ON public.auth_group_permissions USING btree (group_id);


--
-- Name: auth_group_permissions_permission_id_84c5c92e; Type: INDEX; Schema: public; Owner: postgres
--

CREATE INDEX auth_group_permissions_permission_id_84c5c92e ON public.auth_group_permissions USING btree (permission_id);


--
-- Name: auth_permission_content_type_id_2f476e4b; Type: INDEX; Schema: public; Owner: postgres
--

CREATE INDEX auth_permission_content_type_id_2f476e4b ON public.auth_permission USING btree (content_type_id);


--
-- Name: authtoken_token_key_10f0b77e_like; Type: INDEX; Schema: public; Owner: postgres
--

CREATE INDEX authtoken_token_key_10f0b77e_like ON public.authtoken_token USING btree (key varchar_pattern_ops);


--
-- Name: django_admin_log_content_type_id_c4bce8eb; Type: INDEX; Schema: public; Owner: postgres
--

CREATE INDEX django_admin_log_content_type_id_c4bce8eb ON public.django_admin_log USING btree (content_type_id);


--
-- Name: django_admin_log_user_id_c564eba6; Type: INDEX; Schema: public; Owner: postgres
--

CREATE INDEX django_admin_log_user_id_c564eba6 ON public.django_admin_log USING btree (user_id);


--
-- Name: django_cele_date_cr_bd6c1d_idx; Type: INDEX; Schema: public; Owner: quiz_user
--

CREATE INDEX django_cele_date_cr_bd6c1d_idx ON public.django_celery_results_groupresult USING btree (date_created);


--
-- Name: django_cele_date_cr_f04a50_idx; Type: INDEX; Schema: public; Owner: quiz_user
--

CREATE INDEX django_cele_date_cr_f04a50_idx ON public.django_celery_results_taskresult USING btree (date_created);


--
-- Name: django_cele_date_do_caae0e_idx; Type: INDEX; Schema: public; Owner: quiz_user
--

CREATE INDEX django_cele_date_do_caae0e_idx ON public.django_celery_results_groupresult USING btree (date_done);


--
-- Name: django_cele_date_do_f59aad_idx; Type: INDEX; Schema: public; Owner: quiz_user
--

CREATE INDEX django_cele_date_do_f59aad_idx ON public.django_celery_results_taskresult USING btree (date_done);


--
-- Name: django_cele_status_9b6201_idx; Type: INDEX; Schema: public; Owner: quiz_user
--

CREATE INDEX django_cele_status_9b6201_idx ON public.django_celery_results_taskresult USING btree (status);


--
-- Name: django_cele_task_na_08aec9_idx; Type: INDEX; Schema: public; Owner: quiz_user
--

CREATE INDEX django_cele_task_na_08aec9_idx ON public.django_celery_results_taskresult USING btree (task_name);


--
-- Name: django_cele_worker_d54dd8_idx; Type: INDEX; Schema: public; Owner: quiz_user
--

CREATE INDEX django_cele_worker_d54dd8_idx ON public.django_celery_results_taskresult USING btree (worker);


--
-- Name: django_celery_beat_periodictask_clocked_id_47a69f82; Type: INDEX; Schema: public; Owner: quiz_user
--

CREATE INDEX django_celery_beat_periodictask_clocked_id_47a69f82 ON public.django_celery_beat_periodictask USING btree (clocked_id);


--
-- Name: django_celery_beat_periodictask_crontab_id_d3cba168; Type: INDEX; Schema: public; Owner: quiz_user
--

CREATE INDEX django_celery_beat_periodictask_crontab_id_d3cba168 ON public.django_celery_beat_periodictask USING btree (crontab_id);


--
-- Name: django_celery_beat_periodictask_interval_id_a8ca27da; Type: INDEX; Schema: public; Owner: quiz_user
--

CREATE INDEX django_celery_beat_periodictask_interval_id_a8ca27da ON public.django_celery_beat_periodictask USING btree (interval_id);


--
-- Name: django_celery_beat_periodictask_name_265a36b7_like; Type: INDEX; Schema: public; Owner: quiz_user
--

CREATE INDEX django_celery_beat_periodictask_name_265a36b7_like ON public.django_celery_beat_periodictask USING btree (name varchar_pattern_ops);


--
-- Name: django_celery_beat_periodictask_solar_id_a87ce72c; Type: INDEX; Schema: public; Owner: quiz_user
--

CREATE INDEX django_celery_beat_periodictask_solar_id_a87ce72c ON public.django_celery_beat_periodictask USING btree (solar_id);


--
-- Name: django_celery_results_chordcounter_group_id_1f70858c_like; Type: INDEX; Schema: public; Owner: quiz_user
--

CREATE INDEX django_celery_results_chordcounter_group_id_1f70858c_like ON public.django_celery_results_chordcounter USING btree (group_id varchar_pattern_ops);


--
-- Name: django_celery_results_groupresult_group_id_a085f1a9_like; Type: INDEX; Schema: public; Owner: quiz_user
--

CREATE INDEX django_celery_results_groupresult_group_id_a085f1a9_like ON public.django_celery_results_groupresult USING btree (group_id varchar_pattern_ops);


--
-- Name: django_celery_results_taskresult_task_id_de0d95bf_like; Type: INDEX; Schema: public; Owner: quiz_user
--

CREATE INDEX django_celery_results_taskresult_task_id_de0d95bf_like ON public.django_celery_results_taskresult USING btree (task_id varchar_pattern_ops);


--
-- Name: django_session_expire_date_a5c62663; Type: INDEX; Schema: public; Owner: postgres
--

CREATE INDEX django_session_expire_date_a5c62663 ON public.django_session USING btree (expire_date);


--
-- Name: django_session_session_key_c0390e0f_like; Type: INDEX; Schema: public; Owner: postgres
--

CREATE INDEX django_session_session_key_c0390e0f_like ON public.django_session USING btree (session_key varchar_pattern_ops);


--
-- Name: django_site_domain_a2e37b91_like; Type: INDEX; Schema: public; Owner: postgres
--

CREATE INDEX django_site_domain_a2e37b91_like ON public.django_site USING btree (domain varchar_pattern_ops);


--
-- Name: quiz_app_quizattempt_user_id_347a9046; Type: INDEX; Schema: public; Owner: postgres
--

CREATE INDEX quiz_app_quizattempt_user_id_347a9046 ON public.quiz_app_quizattempt USING btree (user_id);


--
-- Name: quiz_app_quizresult_user_id_f3ff4323; Type: INDEX; Schema: public; Owner: postgres
--

CREATE INDEX quiz_app_quizresult_user_id_f3ff4323 ON public.quiz_app_quizresult USING btree (user_id);


--
-- Name: quiz_app_submission_question_id_1eae51fc; Type: INDEX; Schema: public; Owner: postgres
--

CREATE INDEX quiz_app_submission_question_id_1eae51fc ON public.quiz_app_submission USING btree (question_id);


--
-- Name: quiz_app_submission_user_id_9fbe8f28; Type: INDEX; Schema: public; Owner: postgres
--

CREATE INDEX quiz_app_submission_user_id_9fbe8f28 ON public.quiz_app_submission USING btree (user_id);


--
-- Name: quiz_app_user_groups_group_id_73a4a891; Type: INDEX; Schema: public; Owner: postgres
--

CREATE INDEX quiz_app_user_groups_group_id_73a4a891 ON public.quiz_app_user_groups USING btree (group_id);


--
-- Name: quiz_app_user_groups_user_id_b7663864; Type: INDEX; Schema: public; Owner: postgres
--

CREATE INDEX quiz_app_user_groups_user_id_b7663864 ON public.quiz_app_user_groups USING btree (user_id);


--
-- Name: quiz_app_user_user_permissions_permission_id_95af1b5f; Type: INDEX; Schema: public; Owner: postgres
--

CREATE INDEX quiz_app_user_user_permissions_permission_id_95af1b5f ON public.quiz_app_user_user_permissions USING btree (permission_id);


--
-- Name: quiz_app_user_user_permissions_user_id_b1eec320; Type: INDEX; Schema: public; Owner: postgres
--

CREATE INDEX quiz_app_user_user_permissions_user_id_b1eec320 ON public.quiz_app_user_user_permissions USING btree (user_id);


--
-- Name: quiz_app_user_username_bfaeed8f_like; Type: INDEX; Schema: public; Owner: postgres
--

CREATE INDEX quiz_app_user_username_bfaeed8f_like ON public.quiz_app_user USING btree (username varchar_pattern_ops);


--
-- Name: quiz_app_useranswer_attempt_id_7779ca58; Type: INDEX; Schema: public; Owner: postgres
--

CREATE INDEX quiz_app_useranswer_attempt_id_7779ca58 ON public.quiz_app_useranswer USING btree (attempt_id);


--
-- Name: quiz_app_useranswer_question_id_b04d2a12; Type: INDEX; Schema: public; Owner: postgres
--

CREATE INDEX quiz_app_useranswer_question_id_b04d2a12 ON public.quiz_app_useranswer USING btree (question_id);


--
-- Name: quizzes_choice_question_id_46d39dbb; Type: INDEX; Schema: public; Owner: quiz_user
--

CREATE INDEX quizzes_choice_question_id_46d39dbb ON public.quizzes_choice USING btree (question_id);


--
-- Name: quizzes_question_quiz_id_70961654; Type: INDEX; Schema: public; Owner: quiz_user
--

CREATE INDEX quizzes_question_quiz_id_70961654 ON public.quizzes_question USING btree (quiz_id);


--
-- Name: quizzes_studentquiz_quiz_id_0fa55de2; Type: INDEX; Schema: public; Owner: quiz_user
--

CREATE INDEX quizzes_studentquiz_quiz_id_0fa55de2 ON public.quizzes_studentquiz USING btree (quiz_id);


--
-- Name: quizzes_studentquiz_student_id_07b2a29f; Type: INDEX; Schema: public; Owner: quiz_user
--

CREATE INDEX quizzes_studentquiz_student_id_07b2a29f ON public.quizzes_studentquiz USING btree (student_id);


--
-- Name: quizzes_studentquizquestions_question_id_8444d0db; Type: INDEX; Schema: public; Owner: quiz_user
--

CREATE INDEX quizzes_studentquizquestions_question_id_8444d0db ON public.quizzes_studentquizquestions USING btree (question_id);


--
-- Name: quizzes_studentquizquestions_student_quiz_id_385870ae; Type: INDEX; Schema: public; Owner: quiz_user
--

CREATE INDEX quizzes_studentquizquestions_student_quiz_id_385870ae ON public.quizzes_studentquizquestions USING btree (student_quiz_id);


--
-- Name: quizzes_submission_question_id_89cafac2; Type: INDEX; Schema: public; Owner: quiz_user
--

CREATE INDEX quizzes_submission_question_id_89cafac2 ON public.quizzes_submission USING btree (question_id);


--
-- Name: quizzes_submission_quiz_id_038c0e63; Type: INDEX; Schema: public; Owner: quiz_user
--

CREATE INDEX quizzes_submission_quiz_id_038c0e63 ON public.quizzes_submission USING btree (quiz_id);


--
-- Name: quizzes_submission_user_id_6373a2ec; Type: INDEX; Schema: public; Owner: quiz_user
--

CREATE INDEX quizzes_submission_user_id_6373a2ec ON public.quizzes_submission USING btree (user_id);


--
-- Name: quizzes_testcase_question_id_c572eb58; Type: INDEX; Schema: public; Owner: quiz_user
--

CREATE INDEX quizzes_testcase_question_id_c572eb58 ON public.quizzes_testcase USING btree (question_id);


--
-- Name: token_blacklist_outstandingtoken_jti_hex_d9bdf6f7_like; Type: INDEX; Schema: public; Owner: postgres
--

CREATE INDEX token_blacklist_outstandingtoken_jti_hex_d9bdf6f7_like ON public.token_blacklist_outstandingtoken USING btree (jti varchar_pattern_ops);


--
-- Name: token_blacklist_outstandingtoken_user_id_83bc629a; Type: INDEX; Schema: public; Owner: postgres
--

CREATE INDEX token_blacklist_outstandingtoken_user_id_83bc629a ON public.token_blacklist_outstandingtoken USING btree (user_id);


--
-- Name: users_user_groups_group_id_9afc8d0e; Type: INDEX; Schema: public; Owner: quiz_user
--

CREATE INDEX users_user_groups_group_id_9afc8d0e ON public.users_user_groups USING btree (group_id);


--
-- Name: users_user_groups_user_id_5f6f5a90; Type: INDEX; Schema: public; Owner: quiz_user
--

CREATE INDEX users_user_groups_user_id_5f6f5a90 ON public.users_user_groups USING btree (user_id);


--
-- Name: users_user_user_permissions_permission_id_0b93982e; Type: INDEX; Schema: public; Owner: quiz_user
--

CREATE INDEX users_user_user_permissions_permission_id_0b93982e ON public.users_user_user_permissions USING btree (permission_id);


--
-- Name: users_user_user_permissions_user_id_20aca447; Type: INDEX; Schema: public; Owner: quiz_user
--

CREATE INDEX users_user_user_permissions_user_id_20aca447 ON public.users_user_user_permissions USING btree (user_id);


--
-- Name: users_user_username_06e46fe6_like; Type: INDEX; Schema: public; Owner: quiz_user
--

CREATE INDEX users_user_username_06e46fe6_like ON public.users_user USING btree (username varchar_pattern_ops);


--
-- Name: auth_group_permissions auth_group_permissio_permission_id_84c5c92e_fk_auth_perm; Type: FK CONSTRAINT; Schema: public; Owner: postgres
--

ALTER TABLE ONLY public.auth_group_permissions
    ADD CONSTRAINT auth_group_permissio_permission_id_84c5c92e_fk_auth_perm FOREIGN KEY (permission_id) REFERENCES public.auth_permission(id) DEFERRABLE INITIALLY DEFERRED;


--
-- Name: auth_group_permissions auth_group_permissions_group_id_b120cbf9_fk_auth_group_id; Type: FK CONSTRAINT; Schema: public; Owner: postgres
--

ALTER TABLE ONLY public.auth_group_permissions
    ADD CONSTRAINT auth_group_permissions_group_id_b120cbf9_fk_auth_group_id FOREIGN KEY (group_id) REFERENCES public.auth_group(id) DEFERRABLE INITIALLY DEFERRED;


--
-- Name: auth_permission auth_permission_content_type_id_2f476e4b_fk_django_co; Type: FK CONSTRAINT; Schema: public; Owner: postgres
--

ALTER TABLE ONLY public.auth_permission
    ADD CONSTRAINT auth_permission_content_type_id_2f476e4b_fk_django_co FOREIGN KEY (content_type_id) REFERENCES public.django_content_type(id) DEFERRABLE INITIALLY DEFERRED;


--
-- Name: authtoken_token authtoken_token_user_id_35299eff_fk_quiz_app_user_id; Type: FK CONSTRAINT; Schema: public; Owner: postgres
--

ALTER TABLE ONLY public.authtoken_token
    ADD CONSTRAINT authtoken_token_user_id_35299eff_fk_quiz_app_user_id FOREIGN KEY (user_id) REFERENCES public.quiz_app_user(id) DEFERRABLE INITIALLY DEFERRED;


--
-- Name: django_admin_log django_admin_log_content_type_id_c4bce8eb_fk_django_co; Type: FK CONSTRAINT; Schema: public; Owner: postgres
--

ALTER TABLE ONLY public.django_admin_log
    ADD CONSTRAINT django_admin_log_content_type_id_c4bce8eb_fk_django_co FOREIGN KEY (content_type_id) REFERENCES public.django_content_type(id) DEFERRABLE INITIALLY DEFERRED;


--
-- Name: django_admin_log django_admin_log_user_id_c564eba6_fk_quiz_app_user_id; Type: FK CONSTRAINT; Schema: public; Owner: postgres
--

ALTER TABLE ONLY public.django_admin_log
    ADD CONSTRAINT django_admin_log_user_id_c564eba6_fk_quiz_app_user_id FOREIGN KEY (user_id) REFERENCES public.quiz_app_user(id) DEFERRABLE INITIALLY DEFERRED;


--
-- Name: django_celery_beat_periodictask django_celery_beat_p_clocked_id_47a69f82_fk_django_ce; Type: FK CONSTRAINT; Schema: public; Owner: quiz_user
--

ALTER TABLE ONLY public.django_celery_beat_periodictask
    ADD CONSTRAINT django_celery_beat_p_clocked_id_47a69f82_fk_django_ce FOREIGN KEY (clocked_id) REFERENCES public.django_celery_beat_clockedschedule(id) DEFERRABLE INITIALLY DEFERRED;


--
-- Name: django_celery_beat_periodictask django_celery_beat_p_crontab_id_d3cba168_fk_django_ce; Type: FK CONSTRAINT; Schema: public; Owner: quiz_user
--

ALTER TABLE ONLY public.django_celery_beat_periodictask
    ADD CONSTRAINT django_celery_beat_p_crontab_id_d3cba168_fk_django_ce FOREIGN KEY (crontab_id) REFERENCES public.django_celery_beat_crontabschedule(id) DEFERRABLE INITIALLY DEFERRED;


--
-- Name: django_celery_beat_periodictask django_celery_beat_p_interval_id_a8ca27da_fk_django_ce; Type: FK CONSTRAINT; Schema: public; Owner: quiz_user
--

ALTER TABLE ONLY public.django_celery_beat_periodictask
    ADD CONSTRAINT django_celery_beat_p_interval_id_a8ca27da_fk_django_ce FOREIGN KEY (interval_id) REFERENCES public.django_celery_beat_intervalschedule(id) DEFERRABLE INITIALLY DEFERRED;


--
-- Name: django_celery_beat_periodictask django_celery_beat_p_solar_id_a87ce72c_fk_django_ce; Type: FK CONSTRAINT; Schema: public; Owner: quiz_user
--

ALTER TABLE ONLY public.django_celery_beat_periodictask
    ADD CONSTRAINT django_celery_beat_p_solar_id_a87ce72c_fk_django_ce FOREIGN KEY (solar_id) REFERENCES public.django_celery_beat_solarschedule(id) DEFERRABLE INITIALLY DEFERRED;


--
-- Name: quiz_app_quizattempt quiz_app_quizattempt_user_id_347a9046_fk_quiz_app_user_id; Type: FK CONSTRAINT; Schema: public; Owner: postgres
--

ALTER TABLE ONLY public.quiz_app_quizattempt
    ADD CONSTRAINT quiz_app_quizattempt_user_id_347a9046_fk_quiz_app_user_id FOREIGN KEY (user_id) REFERENCES public.quiz_app_user(id) DEFERRABLE INITIALLY DEFERRED;


--
-- Name: quiz_app_quizresult quiz_app_quizresult_user_id_f3ff4323_fk_quiz_app_user_id; Type: FK CONSTRAINT; Schema: public; Owner: postgres
--

ALTER TABLE ONLY public.quiz_app_quizresult
    ADD CONSTRAINT quiz_app_quizresult_user_id_f3ff4323_fk_quiz_app_user_id FOREIGN KEY (user_id) REFERENCES public.quiz_app_user(id) DEFERRABLE INITIALLY DEFERRED;


--
-- Name: quiz_app_submission quiz_app_submission_question_id_1eae51fc_fk_quiz_app_; Type: FK CONSTRAINT; Schema: public; Owner: postgres
--

ALTER TABLE ONLY public.quiz_app_submission
    ADD CONSTRAINT quiz_app_submission_question_id_1eae51fc_fk_quiz_app_ FOREIGN KEY (question_id) REFERENCES public.quiz_app_question(id) DEFERRABLE INITIALLY DEFERRED;


--
-- Name: quiz_app_submission quiz_app_submission_user_id_9fbe8f28_fk_quiz_app_user_id; Type: FK CONSTRAINT; Schema: public; Owner: postgres
--

ALTER TABLE ONLY public.quiz_app_submission
    ADD CONSTRAINT quiz_app_submission_user_id_9fbe8f28_fk_quiz_app_user_id FOREIGN KEY (user_id) REFERENCES public.quiz_app_user(id) DEFERRABLE INITIALLY DEFERRED;


--
-- Name: quiz_app_user_groups quiz_app_user_groups_group_id_73a4a891_fk_auth_group_id; Type: FK CONSTRAINT; Schema: public; Owner: postgres
--

ALTER TABLE ONLY public.quiz_app_user_groups
    ADD CONSTRAINT quiz_app_user_groups_group_id_73a4a891_fk_auth_group_id FOREIGN KEY (group_id) REFERENCES public.auth_group(id) DEFERRABLE INITIALLY DEFERRED;


--
-- Name: quiz_app_user_groups quiz_app_user_groups_user_id_b7663864_fk_quiz_app_user_id; Type: FK CONSTRAINT; Schema: public; Owner: postgres
--

ALTER TABLE ONLY public.quiz_app_user_groups
    ADD CONSTRAINT quiz_app_user_groups_user_id_b7663864_fk_quiz_app_user_id FOREIGN KEY (user_id) REFERENCES public.quiz_app_user(id) DEFERRABLE INITIALLY DEFERRED;


--
-- Name: quiz_app_user_user_permissions quiz_app_user_user_p_permission_id_95af1b5f_fk_auth_perm; Type: FK CONSTRAINT; Schema: public; Owner: postgres
--

ALTER TABLE ONLY public.quiz_app_user_user_permissions
    ADD CONSTRAINT quiz_app_user_user_p_permission_id_95af1b5f_fk_auth_perm FOREIGN KEY (permission_id) REFERENCES public.auth_permission(id) DEFERRABLE INITIALLY DEFERRED;


--
-- Name: quiz_app_user_user_permissions quiz_app_user_user_p_user_id_b1eec320_fk_quiz_app_; Type: FK CONSTRAINT; Schema: public; Owner: postgres
--

ALTER TABLE ONLY public.quiz_app_user_user_permissions
    ADD CONSTRAINT quiz_app_user_user_p_user_id_b1eec320_fk_quiz_app_ FOREIGN KEY (user_id) REFERENCES public.quiz_app_user(id) DEFERRABLE INITIALLY DEFERRED;


--
-- Name: quiz_app_useranswer quiz_app_useranswer_attempt_id_7779ca58_fk_quiz_app_; Type: FK CONSTRAINT; Schema: public; Owner: postgres
--

ALTER TABLE ONLY public.quiz_app_useranswer
    ADD CONSTRAINT quiz_app_useranswer_attempt_id_7779ca58_fk_quiz_app_ FOREIGN KEY (attempt_id) REFERENCES public.quiz_app_quizattempt(id) DEFERRABLE INITIALLY DEFERRED;


--
-- Name: quiz_app_useranswer quiz_app_useranswer_question_id_b04d2a12_fk_quiz_app_; Type: FK CONSTRAINT; Schema: public; Owner: postgres
--

ALTER TABLE ONLY public.quiz_app_useranswer
    ADD CONSTRAINT quiz_app_useranswer_question_id_b04d2a12_fk_quiz_app_ FOREIGN KEY (question_id) REFERENCES public.quiz_app_question(id) DEFERRABLE INITIALLY DEFERRED;


--
-- Name: quizzes_choice quizzes_choice_question_id_46d39dbb_fk_quizzes_question_id; Type: FK CONSTRAINT; Schema: public; Owner: quiz_user
--

ALTER TABLE ONLY public.quizzes_choice
    ADD CONSTRAINT quizzes_choice_question_id_46d39dbb_fk_quizzes_question_id FOREIGN KEY (question_id) REFERENCES public.quizzes_question(id) DEFERRABLE INITIALLY DEFERRED;


--
-- Name: quizzes_question quizzes_question_quiz_id_70961654_fk_quizzes_quiz_id; Type: FK CONSTRAINT; Schema: public; Owner: quiz_user
--

ALTER TABLE ONLY public.quizzes_question
    ADD CONSTRAINT quizzes_question_quiz_id_70961654_fk_quizzes_quiz_id FOREIGN KEY (quiz_id) REFERENCES public.quizzes_quiz(id) DEFERRABLE INITIALLY DEFERRED;


--
-- Name: quizzes_studentquiz quizzes_studentquiz_quiz_id_0fa55de2_fk_quizzes_quiz_id; Type: FK CONSTRAINT; Schema: public; Owner: quiz_user
--

ALTER TABLE ONLY public.quizzes_studentquiz
    ADD CONSTRAINT quizzes_studentquiz_quiz_id_0fa55de2_fk_quizzes_quiz_id FOREIGN KEY (quiz_id) REFERENCES public.quizzes_quiz(id) DEFERRABLE INITIALLY DEFERRED;


--
-- Name: quizzes_studentquiz quizzes_studentquiz_student_id_07b2a29f_fk_users_user_id; Type: FK CONSTRAINT; Schema: public; Owner: quiz_user
--

ALTER TABLE ONLY public.quizzes_studentquiz
    ADD CONSTRAINT quizzes_studentquiz_student_id_07b2a29f_fk_users_user_id FOREIGN KEY (student_id) REFERENCES public.users_user(id) DEFERRABLE INITIALLY DEFERRED;


--
-- Name: quizzes_studentquizquestions quizzes_studentquizq_question_id_8444d0db_fk_quizzes_q; Type: FK CONSTRAINT; Schema: public; Owner: quiz_user
--

ALTER TABLE ONLY public.quizzes_studentquizquestions
    ADD CONSTRAINT quizzes_studentquizq_question_id_8444d0db_fk_quizzes_q FOREIGN KEY (question_id) REFERENCES public.quizzes_question(id) DEFERRABLE INITIALLY DEFERRED;


--
-- Name: quizzes_studentquizquestions quizzes_studentquizq_student_quiz_id_385870ae_fk_quizzes_s; Type: FK CONSTRAINT; Schema: public; Owner: quiz_user
--

ALTER TABLE ONLY public.quizzes_studentquizquestions
    ADD CONSTRAINT quizzes_studentquizq_student_quiz_id_385870ae_fk_quizzes_s FOREIGN KEY (student_quiz_id) REFERENCES public.quizzes_studentquiz(id) DEFERRABLE INITIALLY DEFERRED;


--
-- Name: quizzes_submission quizzes_submission_question_id_89cafac2_fk_quizzes_question_id; Type: FK CONSTRAINT; Schema: public; Owner: quiz_user
--

ALTER TABLE ONLY public.quizzes_submission
    ADD CONSTRAINT quizzes_submission_question_id_89cafac2_fk_quizzes_question_id FOREIGN KEY (question_id) REFERENCES public.quizzes_question(id) DEFERRABLE INITIALLY DEFERRED;


--
-- Name: quizzes_submission quizzes_submission_quiz_id_038c0e63_fk_quizzes_quiz_id; Type: FK CONSTRAINT; Schema: public; Owner: quiz_user
--

ALTER TABLE ONLY public.quizzes_submission
    ADD CONSTRAINT quizzes_submission_quiz_id_038c0e63_fk_quizzes_quiz_id FOREIGN KEY (quiz_id) REFERENCES public.quizzes_quiz(id) DEFERRABLE INITIALLY DEFERRED;


--
-- Name: quizzes_submission quizzes_submission_user_id_6373a2ec_fk_users_user_id; Type: FK CONSTRAINT; Schema: public; Owner: quiz_user
--

ALTER TABLE ONLY public.quizzes_submission
    ADD CONSTRAINT quizzes_submission_user_id_6373a2ec_fk_users_user_id FOREIGN KEY (user_id) REFERENCES public.users_user(id) DEFERRABLE INITIALLY DEFERRED;


--
-- Name: quizzes_testcase quizzes_testcase_question_id_c572eb58_fk_quizzes_question_id; Type: FK CONSTRAINT; Schema: public; Owner: quiz_user
--

ALTER TABLE ONLY public.quizzes_testcase
    ADD CONSTRAINT quizzes_testcase_question_id_c572eb58_fk_quizzes_question_id FOREIGN KEY (question_id) REFERENCES public.quizzes_question(id) DEFERRABLE INITIALLY DEFERRED;


--
-- Name: token_blacklist_blacklistedtoken token_blacklist_blacklistedtoken_token_id_3cc7fe56_fk; Type: FK CONSTRAINT; Schema: public; Owner: postgres
--

ALTER TABLE ONLY public.token_blacklist_blacklistedtoken
    ADD CONSTRAINT token_blacklist_blacklistedtoken_token_id_3cc7fe56_fk FOREIGN KEY (token_id) REFERENCES public.token_blacklist_outstandingtoken(id) DEFERRABLE INITIALLY DEFERRED;


--
-- Name: token_blacklist_outstandingtoken token_blacklist_outs_user_id_83bc629a_fk_quiz_app_; Type: FK CONSTRAINT; Schema: public; Owner: postgres
--

ALTER TABLE ONLY public.token_blacklist_outstandingtoken
    ADD CONSTRAINT token_blacklist_outs_user_id_83bc629a_fk_quiz_app_ FOREIGN KEY (user_id) REFERENCES public.quiz_app_user(id) DEFERRABLE INITIALLY DEFERRED;


--
-- Name: users_user_groups users_user_groups_group_id_9afc8d0e_fk_auth_group_id; Type: FK CONSTRAINT; Schema: public; Owner: quiz_user
--

ALTER TABLE ONLY public.users_user_groups
    ADD CONSTRAINT users_user_groups_group_id_9afc8d0e_fk_auth_group_id FOREIGN KEY (group_id) REFERENCES public.auth_group(id) DEFERRABLE INITIALLY DEFERRED;


--
-- Name: users_user_groups users_user_groups_user_id_5f6f5a90_fk_users_user_id; Type: FK CONSTRAINT; Schema: public; Owner: quiz_user
--

ALTER TABLE ONLY public.users_user_groups
    ADD CONSTRAINT users_user_groups_user_id_5f6f5a90_fk_users_user_id FOREIGN KEY (user_id) REFERENCES public.users_user(id) DEFERRABLE INITIALLY DEFERRED;


--
-- Name: users_user_user_permissions users_user_user_perm_permission_id_0b93982e_fk_auth_perm; Type: FK CONSTRAINT; Schema: public; Owner: quiz_user
--

ALTER TABLE ONLY public.users_user_user_permissions
    ADD CONSTRAINT users_user_user_perm_permission_id_0b93982e_fk_auth_perm FOREIGN KEY (permission_id) REFERENCES public.auth_permission(id) DEFERRABLE INITIALLY DEFERRED;


--
-- Name: users_user_user_permissions users_user_user_permissions_user_id_20aca447_fk_users_user_id; Type: FK CONSTRAINT; Schema: public; Owner: quiz_user
--

ALTER TABLE ONLY public.users_user_user_permissions
    ADD CONSTRAINT users_user_user_permissions_user_id_20aca447_fk_users_user_id FOREIGN KEY (user_id) REFERENCES public.users_user(id) DEFERRABLE INITIALLY DEFERRED;


--
-- Name: SCHEMA public; Type: ACL; Schema: -; Owner: pg_database_owner
--

GRANT ALL ON SCHEMA public TO quiz_user;


--
-- Name: TABLE auth_group; Type: ACL; Schema: public; Owner: postgres
--

GRANT ALL ON TABLE public.auth_group TO quiz_user;


--
-- Name: SEQUENCE auth_group_id_seq; Type: ACL; Schema: public; Owner: postgres
--

GRANT ALL ON SEQUENCE public.auth_group_id_seq TO quiz_user;


--
-- Name: TABLE auth_group_permissions; Type: ACL; Schema: public; Owner: postgres
--

GRANT ALL ON TABLE public.auth_group_permissions TO quiz_user;


--
-- Name: SEQUENCE auth_group_permissions_id_seq; Type: ACL; Schema: public; Owner: postgres
--

GRANT ALL ON SEQUENCE public.auth_group_permissions_id_seq TO quiz_user;


--
-- Name: TABLE auth_permission; Type: ACL; Schema: public; Owner: postgres
--

GRANT ALL ON TABLE public.auth_permission TO quiz_user;


--
-- Name: SEQUENCE auth_permission_id_seq; Type: ACL; Schema: public; Owner: postgres
--

GRANT ALL ON SEQUENCE public.auth_permission_id_seq TO quiz_user;


--
-- Name: TABLE authtoken_token; Type: ACL; Schema: public; Owner: postgres
--

GRANT ALL ON TABLE public.authtoken_token TO quiz_user;


--
-- Name: TABLE django_admin_log; Type: ACL; Schema: public; Owner: postgres
--

GRANT ALL ON TABLE public.django_admin_log TO quiz_user;


--
-- Name: SEQUENCE django_admin_log_id_seq; Type: ACL; Schema: public; Owner: postgres
--

GRANT ALL ON SEQUENCE public.django_admin_log_id_seq TO quiz_user;


--
-- Name: TABLE django_content_type; Type: ACL; Schema: public; Owner: postgres
--

GRANT ALL ON TABLE public.django_content_type TO quiz_user;


--
-- Name: SEQUENCE django_content_type_id_seq; Type: ACL; Schema: public; Owner: postgres
--

GRANT ALL ON SEQUENCE public.django_content_type_id_seq TO quiz_user;


--
-- Name: TABLE django_migrations; Type: ACL; Schema: public; Owner: postgres
--

GRANT ALL ON TABLE public.django_migrations TO quiz_user;


--
-- Name: SEQUENCE django_migrations_id_seq; Type: ACL; Schema: public; Owner: postgres
--

GRANT ALL ON SEQUENCE public.django_migrations_id_seq TO quiz_user;


--
-- Name: TABLE django_session; Type: ACL; Schema: public; Owner: postgres
--

GRANT ALL ON TABLE public.django_session TO quiz_user;


--
-- Name: TABLE django_site; Type: ACL; Schema: public; Owner: postgres
--

GRANT ALL ON TABLE public.django_site TO quiz_user;


--
-- Name: SEQUENCE django_site_id_seq; Type: ACL; Schema: public; Owner: postgres
--

GRANT ALL ON SEQUENCE public.django_site_id_seq TO quiz_user;


--
-- Name: TABLE quiz_app_question; Type: ACL; Schema: public; Owner: postgres
--

GRANT ALL ON TABLE public.quiz_app_question TO quiz_user;


--
-- Name: SEQUENCE quiz_app_question_id_seq; Type: ACL; Schema: public; Owner: postgres
--

GRANT ALL ON SEQUENCE public.quiz_app_question_id_seq TO quiz_user;


--
-- Name: TABLE quiz_app_quizattempt; Type: ACL; Schema: public; Owner: postgres
--

GRANT ALL ON TABLE public.quiz_app_quizattempt TO quiz_user;


--
-- Name: SEQUENCE quiz_app_quizattempt_id_seq; Type: ACL; Schema: public; Owner: postgres
--

GRANT ALL ON SEQUENCE public.quiz_app_quizattempt_id_seq TO quiz_user;


--
-- Name: TABLE quiz_app_quizresult; Type: ACL; Schema: public; Owner: postgres
--

GRANT ALL ON TABLE public.quiz_app_quizresult TO quiz_user;


--
-- Name: SEQUENCE quiz_app_quizresult_id_seq; Type: ACL; Schema: public; Owner: postgres
--

GRANT ALL ON SEQUENCE public.quiz_app_quizresult_id_seq TO quiz_user;


--
-- Name: TABLE quiz_app_submission; Type: ACL; Schema: public; Owner: postgres
--

GRANT ALL ON TABLE public.quiz_app_submission TO quiz_user;


--
-- Name: SEQUENCE quiz_app_submission_id_seq; Type: ACL; Schema: public; Owner: postgres
--

GRANT ALL ON SEQUENCE public.quiz_app_submission_id_seq TO quiz_user;


--
-- Name: TABLE quiz_app_user; Type: ACL; Schema: public; Owner: postgres
--

GRANT ALL ON TABLE public.quiz_app_user TO quiz_user;


--
-- Name: TABLE quiz_app_user_groups; Type: ACL; Schema: public; Owner: postgres
--

GRANT ALL ON TABLE public.quiz_app_user_groups TO quiz_user;


--
-- Name: SEQUENCE quiz_app_user_groups_id_seq; Type: ACL; Schema: public; Owner: postgres
--

GRANT ALL ON SEQUENCE public.quiz_app_user_groups_id_seq TO quiz_user;


--
-- Name: SEQUENCE quiz_app_user_id_seq; Type: ACL; Schema: public; Owner: postgres
--

GRANT ALL ON SEQUENCE public.quiz_app_user_id_seq TO quiz_user;


--
-- Name: TABLE quiz_app_user_user_permissions; Type: ACL; Schema: public; Owner: postgres
--

GRANT ALL ON TABLE public.quiz_app_user_user_permissions TO quiz_user;


--
-- Name: SEQUENCE quiz_app_user_user_permissions_id_seq; Type: ACL; Schema: public; Owner: postgres
--

GRANT ALL ON SEQUENCE public.quiz_app_user_user_permissions_id_seq TO quiz_user;


--
-- Name: TABLE quiz_app_useranswer; Type: ACL; Schema: public; Owner: postgres
--

GRANT ALL ON TABLE public.quiz_app_useranswer TO quiz_user;


--
-- Name: SEQUENCE quiz_app_useranswer_id_seq; Type: ACL; Schema: public; Owner: postgres
--

GRANT ALL ON SEQUENCE public.quiz_app_useranswer_id_seq TO quiz_user;


--
-- Name: TABLE token_blacklist_blacklistedtoken; Type: ACL; Schema: public; Owner: postgres
--

GRANT ALL ON TABLE public.token_blacklist_blacklistedtoken TO quiz_user;


--
-- Name: SEQUENCE token_blacklist_blacklistedtoken_id_seq; Type: ACL; Schema: public; Owner: postgres
--

GRANT ALL ON SEQUENCE public.token_blacklist_blacklistedtoken_id_seq TO quiz_user;


--
-- Name: TABLE token_blacklist_outstandingtoken; Type: ACL; Schema: public; Owner: postgres
--

GRANT ALL ON TABLE public.token_blacklist_outstandingtoken TO quiz_user;


--
-- Name: SEQUENCE token_blacklist_outstandingtoken_id_seq; Type: ACL; Schema: public; Owner: postgres
--

GRANT ALL ON SEQUENCE public.token_blacklist_outstandingtoken_id_seq TO quiz_user;


--
-- Name: TABLE users; Type: ACL; Schema: public; Owner: postgres
--

GRANT ALL ON TABLE public.users TO quiz_user;


--
-- Name: SEQUENCE users_id_seq; Type: ACL; Schema: public; Owner: postgres
--

GRANT ALL ON SEQUENCE public.users_id_seq TO quiz_user;


--
-- PostgreSQL database dump complete
--

